url,nick
/player/9802/benkai,benkai
/player/24679/cigarettes,cigarettes
/player/9800/mindfreak,mindfreak
/player/7378/jinggg,jinggg
/player/9801/f0rsaken,f0rsaken
/player/9803/d4v41,d4v41
/player/2364/jdfaker,jdfaker
/player/9804/alecks,alecks
/player/9771/sleepy,sleepy
/player/3977/crws,crws
/player/3342/sushiboys,sushiboys
/player/6723/foxz,foxz
/player/2452/patiphan,patiphan
/player/13788/jitboys,jitboys
/player/18035/garnets,garnets
/player/23063/headhawk,headhawk
/player/7456/zeus,zeus
/player/13033/creative,creative
/player/1743/blazek1ng,blazek1ng
/player/2346/cud,cud
/player/2348/famouz,famouz
/player/7804/severine,severine
/player/10739/shiro,shiro
/player/4874/berserx,berserx
/player/21287/5ynz,5ynz
/player/9805/meow,meow
/player/30862/6fingers,6fingers
/player/1430/crazyguy,crazyguy
/player/4382/sscary,sscary
/player/7560/jayh,jayh
/player/9152/deryeon,deryeon
/player/7426/juicy,juicy
/player/28467/s3rius,s3rius
/player/22782/legija,legija
/player/27277/ominous,ominous
/player/28850/m,m
/player/31688/impression,impression
/player/15082/godspeedxd,godspeedxd
/player/12098/kadoom,kadoom
/player/5687/alonefillz,alonefillz
/player/1908/kongared,kongared
/player/2368/b3ta,b3ta
/player/3401/ptc,ptc
/player/25146/leaf,leaf
/player/25147/rennyy,rennyy
/player/1912/wannafly,wannafly
/player/2334/jessievash,jessievash
/player/8504/invy,invy
/player/8137/lenne,lenne
/player/2333/borkum,borkum
/player/2679/dubstep,dubstep
/player/7405/jremy,jremy
/player/35828/yamyam-yui,yamyam-yui
/player/12224/warbirds,warbirds
/player/100/ec1s,ec1s
/player/3627/hellff,hellff
/player/3628/deathmaker,deathmaker
/player/3271/excali,excali
/player/1369/doma,doma
/player/3270/amaterasu,amaterasu
/player/18702/deadly10,deadly10
/player/19722/eupho,eupho
/player/29923/dav,dav
/player/4014/sentinel,sentinel
/player/1437/yesican,yesican
/player/14225/n1zzy,n1zzy
/player/8036/wukong,wukong
/player/8225/f1cio,f1cio
/player/14254/gin,gin
/player/21914/kawa,kawa
/player/824/ayrin,ayrin
/player/805/bazzi,bazzi
/player/9196/t3xture,t3xture
/player/4095/skrossi,skrossi
/player/6654/wronski,wronski
/player/3626/lightningfast,lightningfast
/player/8497/monyet,monyet
/player/4032/vatsal,vatsal
/player/9832/eraser,eraser
/player/4355/spin,spin
/player/14477/bigtime,bigtime
/player/4872/frostmind,frostmind
/player/7048/m0rea,m0rea
/player/2380/zesbeew,zesbeew
/player/7043/ncslasher,ncslasher
/player/9263/sayoo,sayoo
/player/7049/natzlorant,natzlorant
/player/16852/nakya,nakya
/player/1745/adrnking,adrnking
/player/4866/gemma,gemma
/player/10821/delb,delb
/player/9772/whyphy,whyphy
/player/2506/try,try
/player/15817/gghuiii,gghuiii
/player/12365/coconut,coconut
/player/24302/chimei,chimei
/player/24303/hypathor,hypathor
/player/24304/kiuuuu,kiuuuu
/player/36518/vri,vri
/player/7740/draxii,draxii
/player/7749/nexi,nexi
/player/9745/georggyyy,georggyyy
/player/7754/xavi8k,xavi8k
/player/9740/wild0reoo,wild0reoo
/player/10217/markyy,markyy
/player/22801/eraxx,eraxx
/player/25499/rbtx,rbtx
/player/21605/flufee02,flufee02
/player/3477/evo,evo
/player/7445/jarpix,jarpix
/player/7447/firstlove,firstlove
/player/11705/zeno,zeno
/player/2376/bbalto,bbalto
/player/17648/k1ng,k1ng
/player/15437/abdur,abdur
/player/15458/shooterr,shooterr
/player/15440/storax,storax
/player/15442/musab,musab
/player/2381/divine,divine
/player/7375/frey,frey
/player/11704/styron,styron
/player/11737/xan,xan
/player/36166/ryuga,ryuga
/player/27254/leviathan,leviathan
/player/2394/changee,changee
/player/2365/chainyyy,chainyyy
/player/1910/acetics,acetics
/player/2390/pinocchios,pinocchios
/player/2393/z3r1w,z3r1w
/player/4870/frizznatsz,frizznatsz
/player/15678/p1ercee,p1ercee
/player/10775/klipp,klipp
/player/10807/dragy,dragy
/player/10738/heynf,heynf
/player/19796/nerooo,nerooo
/player/10463/paradox,paradox
/player/7408/joshs,joshs
/player/2680/ching,ching
/player/3267/rite2ace,rite2ace
/player/15364/1tapgod,1tapgod
/player/4693/blackhawk,blackhawk
/player/26164/abir,abir
/player/12322/ndg,ndg
/player/16842/mojer,mojer
/player/13220/ja,ja
/player/10782/witz,witz
/player/13219/papichulo,papichulo
/player/24797/backstab,backstab
/player/13058/aimix,aimix
/player/8035/beo,beo
/player/4374/redneval,redneval
/player/1433/hyzee,hyzee
/player/14207/viness,viness
/player/8165/daicute,daicute
/player/10203/tesseract,tesseract
/player/13221/azys,azys
/player/12323/rvk,rvk
/player/3269/antidote,antidote
/player/12947/rawfiul,rawfiul
/player/28605/riomeister,riomeister
/player/7416/skye,skye
/player/15897/apinya,apinya
/player/4377/johnolsen,johnolsen
/player/2388/thee,thee
/player/23558/teerapong,teerapong
/player/18037/fluky,fluky
/player/13784/killua,killua
/player/33931/dojayut,dojayut
/player/23438/zocha,zocha
/player/23437/cbbk,cbbk
/player/14228/moefcute,moefcute
/player/1432/ntk,ntk
/player/3908/akashi,akashi
/player/36101/even7,even7
/player/14224/duct,duct
/player/36172/acerola,acerola
/player/7050/chrysania,chrysania
/player/4353/fane,fane
/player/24653/vera,vera
/player/10698/nephh,nephh
/player/24654/tempz,tempz
/player/2362/egoist,egoist
/player/20625/h3nsem,h3nsem
/player/27472/geniuss,geniuss
/player/12282/jazper,jazper
/player/2369/notxd,notxd
/player/15902/xcool,xcool
/player/25255/primmie,primmie
/player/13787/marjes,marjes
/player/7391/gnaru,gnaru
/player/13744/patmen,patmen
/player/16775/myd-mathers,myd-mathers
/player/9734/senyorcarl,senyorcarl
/player/16953/zynd,zynd
/player/28592/dopeyy,dopeyy
/player/16774/maxc,maxc
/player/8505/2766,2766
/player/14227/nhatthong2k,nhatthong2k
/player/2440/bmv,bmv
/player/8240/layla,layla
/player/1431/p1na2k4,p1na2k4
/player/1429/d0rf,d0rf
/player/14216/viv,viv
/player/28613/dc,dc
/player/3268/vibhorr,vibhorr
/player/3637/ember,ember
/player/3639/hoax,hoax
/player/28612/tricky,tricky
/player/26281/cyb0rg,cyb0rg
/player/9717/lilo,lilo
/player/4867/nay,nay
/player/7047/vascalizz,vascalizz
/player/7046/no1syboy,no1syboy
/player/9291/mikalulba,mikalulba
/player/2678/gibo,gibo
/player/15449/soulm8,soulm8
/player/3277/harshhh,harshhh
/player/17295/dominik,dominik
/player/7441/zeeq,zeeq
/player/25591/michioko,michioko
/player/25165/kilobyte,kilobyte
/player/34032/grumble,grumble
/player/2383/lexy,lexy
/player/8182/shun,shun
/player/28845/invoke,invoke
/player/7417/joshh,joshh
/player/35541/basbabe,basbabe
/player/4376/chalalala,chalalala
/player/4378/lammysnax,lammysnax
/player/23930/potter,potter
/player/8581/raigard,raigard
/player/20629/snapp,snapp
/player/13491/hax0r,hax0r
/player/16981/rapter,rapter
/player/7861/w1nner,w1nner
/player/14928/chiawei,chiawei
/player/1906/rainy,rainy
/player/24313/ycw,ycw
/player/34160/sunfan,sunfan
/player/24305/xyu,xyu
/player/8572/edw1n,edw1n
/player/31851/mamba,mamba
/player/14442/lilcrazy,lilcrazy
/player/31852/luwei,luwei
/player/31853/n11,n11
/player/36517/ezw1n,ezw1n
/player/16967/namgoku,namgoku
/player/16873/ronnie,ronnie
/player/14589/morningstar,morningstar
/player/14577/oir4mzz,oir4mzz
/player/21325/doris,doris
/player/31753/spiritmvp,spiritmvp
/player/11846/we11lin,we11lin
/player/13768/simon,simon
/player/34168/bnbnw,bnbnw
/player/24301/kinomvp,kinomvp
/player/18109/hanahime,hanahime
/player/18090/iamkimyy,iamkimyy
/player/17532/aisling,aisling
/player/17534/meitsu,meitsu
/player/18063/hakane,hakane
/player/18061/wiffi,wiffi
/player/28124/laloofy,laloofy
/player/2378/subbey,subbey
/player/7369/jeed,jeed
/player/2379/frostyz,frostyz
/player/9179/kael,kael
/player/2377/aduka,aduka
/player/34687/haslem,haslem
/player/34685/d4n,d4n
/player/26305/cymatics,cymatics
/player/26375/dafi,dafi
/player/11557/blurred,blurred
/player/13218/derek,derek
/player/7746/kevzii,kevzii
/player/13223/micr0,micr0
/player/7726/yanagi,yanagi
/player/8582/laz,laz
/player/14677/qqgod,qqgod
/player/6733/xze,xze
/player/12289/siraphop,siraphop
/player/12982/real,real
/player/5690/w1zard,w1zard
/player/14676/mairolls,mairolls
/player/23559/rolex,rolex
/player/2366/alert,alert
/player/10791/bnw,bnw
/player/10790/lby,lby
/player/15891/krx,krx
/player/23062/surf,surf
/player/32937/702,702
/player/12320/fox,fox
/player/26376/dcrulz,dcrulz
/player/28612/tricky,tricky
/player/21677/jeee,jeee
/player/7485/ezzy,ezzy
/player/9737/kakarot,kakarot
/player/26216/damzy,damzy
/player/26217/eggsy,eggsy
/player/22613/hacker,hacker
/player/9282/zoglass,zoglass
/player/9281/gsn,gsn
/player/9280/padangrice,padangrice
/player/23629/supervee,supervee
/player/10734/goliathz,goliathz
/player/17727/2become1,2become1
/player/4871/tehbotol,tehbotol
/player/9735/2ge,2ge
/player/7403/ejay,ejay
/player/7764/lmemore,lmemore
/player/9747/emman,emman
/player/7045/fl1pzjder,fl1pzjder
/player/30874/kingmaker,kingmaker
/player/8347/ewok,ewok
/player/21599/yb,yb
/player/20301/dupr1ce,dupr1ce
/player/32583/friday,friday
/player/32584/sev,sev
/player/32585/n1er,n1er
/player/32586/taz,taz
/player/32587/fujitora,fujitora
/player/5680/maitee,maitee
/player/23918/reality,reality
/player/10599/khanbigd,khanbigd
/player/27244/sephiroth,sephiroth
/player/19150/niffy,niffy
/player/14674/kntz,kntz
/player/11562/kuyayawi,kuyayawi
/player/7847/realist,realist
/player/10236/s1000,s1000
/player/33229/lego,lego
/player/33234/kaye,kaye
/player/3276/stroky,stroky
/player/15252/bull3t,bull3t
/player/3273/busterrr,busterrr
/player/8050/pashasahil,pashasahil
/player/15363/mast3r,mast3r
/player/9283/heixeris,heixeris
/player/9278/axeluvya,axeluvya
/player/12207/raphh,raphh
/player/7805/rizkymd,rizkymd
/player/7802/flynch,flynch
/player/30575/r1sen,r1sen
/player/19231/kibo,kibo
/player/30877/lilboii,lilboii
/player/30577/grav1ty,grav1ty
/player/36611/krit24,krit24
/player/17292/cortezz,cortezz
/player/34031/inf,inf
/player/9171/kairo,kairo
/player/27134/jxye,jxye
/player/24629/mizern,mizern
/player/24628/i-love-esther,i-love-esther
/player/27073/esmonde,esmonde
/player/27072/gabu,gabu
/player/7530/kimmy,kimmy
/player/5886/flaring,flaring
/player/7443/riza,riza
/player/30876/dogobot,dogobot
/player/19720/maark,maark
/player/25716/alti,alti
/player/10703/shiba,shiba
/player/2360/brxndon,brxndon
/player/15696/dzii,dzii
/player/3473/benaf,benaf
/player/2361/retla,retla
/player/3023/moosey,moosey
/player/36177/crimmy,crimmy
/player/28846/bean,bean
/player/28847/goat,goat
/player/28848/proxy,proxy
/player/28849/vanellope,vanellope
/player/7565/oszair,oszair
/player/9202/rxflex,rxflex
/player/9217/corgii,corgii
/player/7412/mystral,mystral
/player/12236/sappy,sappy
/player/10857/rooster,rooster
/player/11405/folkslore,folkslore
/player/31391/cashmere,cashmere
/player/11608/znekai,znekai
/player/12214/einarhkays,einarhkays
/player/23644/sammy,sammy
/player/16877/hosh,hosh
/player/10733/sammy,sammy
/player/7381/redkoh,redkoh
/player/7418/bryce,bryce
/player/7007/shinsei,shinsei
/player/16942/reverie,reverie
/player/3735/maxxyy,maxxyy
/player/36177/crimmy,crimmy
/player/9202/rxflex,rxflex
/player/13190/anashi,anashi
/player/11700/jason,jason
/player/7580/edw4rd,edw4rd
/player/21051/jans0n,jans0n
/player/7528/icaaapftw,icaaapftw
/player/14322/marzil,marzil
/player/25330/khelthuzad,khelthuzad
/player/21324/lucia,lucia
/player/3640/sh1vy,sh1vy
/player/22003/rossi,rossi
/player/17285/cybell,cybell
/player/33936/n0sh,n0sh
/player/7848/fung3,fung3
/player/7849/siufatbb,siufatbb
/player/7851/yrselect,yrselect
/player/25339/lockm,lockm
/player/11701/sora,sora
/player/24704/wink,wink
/player/11216/fayde,fayde
/player/25360/chele,chele
/player/25406/shina,shina
/player/25491/karsen,karsen
/player/17444/blah,blah
/player/19940/amaya,amaya
/player/26117/elaine,elaine
/player/25490/reydawg,reydawg
/player/19464/jazzie,jazzie
/player/19963/skeltra,skeltra
/player/25400/riv,riv
/player/14603/solazet,solazet
/player/14602/vers4ce,vers4ce
/player/14605/hyelll,hyelll
/player/30679/kong,kong
/player/30680/juu,juu
/player/21829/ginn,ginn
/player/25413/aykc,aykc
/player/25414/cow,cow
/player/25416/akmj,akmj
/player/25489/chloe,chloe
/player/10519/floydq,floydq
/player/10518/sing,sing
/player/10521/trinity,trinity
/player/7763/ppd,ppd
/player/3519/jkuro,jkuro
/player/33604/mushrooms,mushrooms
/player/33605/kumo,kumo
/player/33606/samael,samael
/player/33607/magic,magic
/player/33608/keon,keon
/player/15439/kasper,kasper
/player/15443/tranz,tranz
/player/19200/jivix,jivix
/player/15444/hsb,hsb
/player/15455/tr1ck,tr1ck
/player/27194/yujii,yujii
/player/11268/xhum0n,xhum0n
/player/8186/naom,naom
/player/21694/domo,domo
/player/13197/lorenzo,lorenzo
/player/9211/rushb,rushb
/player/9209/revef,revef
/player/10827/r0serade,r0serade
/player/11612/risen,risen
/player/11666/ray4c,ray4c
/player/10833/owmen,owmen
/player/7807/valdyn,valdyn
/player/13822/airow,airow
/player/31591/frevzo,frevzo
/player/31684/jon-skywalker,jon-skywalker
/player/31504/anyzex,anyzex
/player/31505/akarachai,akarachai
/player/31506/blackmambruh,blackmambruh
/player/31507/mad22d,mad22d
/player/31508/cigerm,cigerm
/player/35051/percy,percy
/player/9173/pecal,pecal
/player/7370/miki,miki
/player/7372/ren,ren
/player/36688/interline,interline
/player/7371/fishball,fishball
/player/31184/6thking,6thking
/player/26135/lumpia,lumpia
/player/26136/atropos,atropos
/player/26139/parcval,parcval
/player/25427/aika,aika
/player/19655/jenuine,jenuine
/player/25457/yunaaa,yunaaa
/player/28150/sin,sin
/player/26997/skii,skii
/player/17436/milkenet,milkenet
/player/36671/keii,keii
/player/10860/smokers,smokers
/player/35026/chaze,chaze
/player/35027/owen-q-t,owen-q-t
/player/35028/fallx,fallx
/player/31390/boogeyyy,boogeyyy
/player/35029/dr1ch,dr1ch
/player/35096/kana,kana
/player/36167/a-r-r-t-e-e-s,a-r-r-t-e-e-s
/player/11739/vangz,vangz
/player/31185/hakka,hakka
/player/24705/dwadwa,dwadwa
/player/8156/mojo,mojo
/player/9180/simon,simon
/player/31186/cecilia,cecilia
/player/7863/aimannn,aimannn
/player/19984/uwububbles,uwububbles
/player/25368/sabribri,sabribri
/player/17499/luna,luna
/player/9184/fearantic,fearantic
/player/26097/panda,panda
/player/17498/kiki,kiki
/player/17500/declaration,declaration
/player/21686/cartel,cartel
/player/28287/jaja,jaja
/player/25542/ash,ash
/player/25540/levinastigin,levinastigin
/player/23976/crus,crus
/player/14581/bau,bau
/player/14543/justnuzi,justnuzi
/player/27063/jeremy,jeremy
/player/30672/huygetsu,huygetsu
/player/15302/babyblue,babyblue
/player/2829/ytao,ytao
/player/14453/sunshine,sunshine
/player/34179/september24,september24
/player/34180/p1n,p1n
/player/15446/protagonist,protagonist
/player/15454/flica,flica
/player/20186/khg,khg
/player/24781/dean,dean
/player/17665/bloody,bloody
/player/34021/ballow,ballow
/player/34022/cooliott,cooliott
/player/7559/zyriel,zyriel
/player/27068/pudj,pudj
/player/7448/toy,toy
/player/27441/hypr,hypr
/player/13746/xavisimple,xavisimple
/player/17803/luminous,luminous
/player/35036/kronoshii,kronoshii
/player/33806/zhee,zhee
/player/33807/naughty,naughty
/player/33808/diol,diol
/player/33809/rnz,rnz
/player/33810/rashi,rashi
/player/33811/jung,jung
/player/35098/pseudo,pseudo
/player/35099/pngz,pngz
/player/17665/bloody,bloody
/player/15451/beast,beast
/player/15453/stranger,stranger
/player/36013/hydra,hydra
/player/10250/vblack,vblack
/player/10251/slathom999,slathom999
/player/10234/rababz,rababz
/player/22799/asta,asta
/player/24794/exotic,exotic
/player/35519/shycodelix,shycodelix
/player/35520/burneykol,burneykol
/player/27157/anakin,anakin
/player/30573/jayayay,jayayay
/player/24659/xigmate,xigmate
/player/24660/styx,styx
/player/16944/ekso,ekso
/player/24661/shang,shang
/player/26960/bonkboi,bonkboi
/player/17214/moon,moon
/player/12940/mikasa,mikasa
/player/17225/zhennnnn,zhennnnn
/player/31766/jay,jay
/player/2372/aclx,aclx
/player/2373/maou,maou
/player/7841/tvirusluke,tvirusluke
/player/34176/qy123,qy123
/player/11524/nicc,nicc
/player/9290/madelyn,madelyn
/player/7783/zharwow,zharwow
/player/9279/kylee,kylee
/player/13169/peekaboo,peekaboo
/player/10749/k1ngkappa,k1ngkappa
/player/23756/vinseer,vinseer
/player/2345/fidelwow,fidelwow
/player/30441/fayy,fayy
/player/31382/iittsscure,iittsscure
/player/30443/neptune,neptune
/player/13144/rzkyking,rzkyking
/player/23642/hes,hes
/player/4089/doxz3r,doxz3r
/player/10758/kohliii,kohliii
/player/17295/dominik,dominik
/player/3619/sssami,sssami
/player/14208/kishi,kishi
/player/29702/vandelak,vandelak
/player/36180/pxmihlog,pxmihlog
/player/17821/laww,laww
/player/14579/xjum-i,xjum-i
/player/26383/tzunam,tzunam
/player/26384/milooo,milooo
/player/14553/b-nhmj,b-nhmj
/player/16840/lostboy,lostboy
/player/12260/chongi,chongi
/player/22809/walk-on-water,walk-on-water
/player/26143/secondlove,secondlove
/player/21793/ninitups,ninitups
/player/22805/blixerino,blixerino
/player/8077/midc,midc
/player/8070/vdoublet,vdoublet
/player/30955/b-b-ng-b-n-op,b-b-ng-b-n-op
/player/17037/kr1zyxtduong,kr1zyxtduong
/player/30959/rimo,rimo
/player/19999/duke,duke
/player/18995/roza,roza
/player/15265/kyojin,kyojin
/player/5008/m1syl,m1syl
/player/15264/hermione,hermione
/player/24817/mr-r3d,mr-r3d
/player/26783/zrip,zrip
/player/4383/agma,agma
/player/23883/scarlett,scarlett
/player/35044/noppey,noppey
/player/27223/jaislai,jaislai
/player/26480/coco9k,coco9k
/player/26479/pnkth,pnkth
/player/27500/johms713,johms713
/player/11579/wes,wes
/player/27501/shintaro,shintaro
/player/17729/joshf,joshf
/player/26157/tyche,tyche
/player/35020/aeonyx,aeonyx
/player/29392/okaeji,okaeji
/player/27196/ell,ell
/player/25100/cluster,cluster
/player/18868/slumber,slumber
/player/15318/asitte,asitte
/player/27942/kyie,kyie
/player/25100/cluster,cluster
/player/18867/thinz,thinz
/player/25099/levi,levi
/player/18864/moonlight,moonlight
/player/25107/notorious,notorious
/player/27198/arthit,arthit
/player/31488/fontuz,fontuz
/player/23943/zwan,zwan
/player/31536/r3ason,r3ason
/player/17307/spino,spino
/player/35542/rhytax,rhytax
/player/14230/brownie-phan,brownie-phan
/player/1436/ko0,ko0
/player/14566/16ch0ps,16ch0ps
/player/24406/tuna,tuna
/player/14226/mowff,mowff
/player/3900/son-keke,son-keke
/player/34726/tu-keke,tu-keke
/player/17036/billie,billie
/player/31189/kye,kye
/player/17814/toggle,toggle
/player/31187/cara,cara
/player/16948/boogie,boogie
/player/7584/wrath,wrath
/player/7387/sage,sage
/player/31188/ayman,ayman
/player/26526/omgv,omgv
/player/30956/storm,storm
/player/30957/chunlesel,chunlesel
/player/14532/aiden,aiden
/player/14198/isch97,isch97
/player/15661/shloakzyy,shloakzyy
/player/4798/glyph,glyph
/player/27773/satan,satan
/player/27775/techno,techno
/player/20011/saunic,saunic
/player/30693/makaveli,makaveli
/player/25616/sieh,sieh
/player/18113/annabey,annabey
/player/29585/odeiiy,odeiiy
/player/25404/xinru,xinru
/player/18082/roboprogurl,roboprogurl
/player/28151/sepertijelly,sepertijelly
/player/25466/arinida,arinida
/player/8578/axilus,axilus
/player/34117/manager,manager
/player/34119/elobooster69x,elobooster69x
/player/17218/winjai,winjai
/player/17219/maxxyboyy,maxxyboyy
/player/23720/kafka,kafka
/player/23717/nythan,nythan
/player/27647/da1zzie,da1zzie
/player/27645/amernone,amernone
/player/31403/saivon,saivon
/player/11458/kuroza,kuroza
/player/36078/karinding,karinding
/player/19042/autumn,autumn
/player/22016/connghi-n,connghi-n
/player/19044/pap-lv,pap-lv
/player/19043/howboudat,howboudat
/player/22018/meimei,meimei
/player/27778/jinji,jinji
/player/27779/darklord,darklord
/player/27780/binz,binz
/player/27487/erik-ten-hag,erik-ten-hag
/player/3616/zolocrazy,zolocrazy
/player/15264/hermione,hermione
/player/5008/m1syl,m1syl
/player/18995/roza,roza
/player/15265/kyojin,kyojin
/player/3618/fancy9,fancy9
/player/15315/infflicks,infflicks
/player/23439/harshv,harshv
/player/19226/hvs,hvs
/player/19225/kev,kev
/player/4703/cruisergod,cruisergod
/player/3488/gaurang,gaurang
/player/31498/lorangez,lorangez
/player/35071/cher0z,cher0z
/player/16977/socoolsoda,socoolsoda
/player/12291/jaigrayray,jaigrayray
/player/16979/slash,slash
/player/17291/dash,dash
/player/24319/vortex,vortex
/player/24320/reflexks,reflexks
/player/24321/retn0x,retn0x
/player/24322/assass1n,assass1n
/player/24323/wrench,wrench
/player/27070/cookie,cookie
/player/15462/zing,zing
/player/11888/chromnz,chromnz
/player/11886/roach,roach
/player/11885/benj,benj
/player/10761/kucf,kucf
/player/17640/liesel,liesel
/player/26987/orangeee,orangeee
/player/14200/ens,ens
/player/14203/feainnewedd,feainnewedd
/player/14204/kaminari,kaminari
/player/14543/justnuzi,justnuzi
/player/23041/louboutin,louboutin
/player/23042/sayo,sayo
/player/14587/daft,daft
/player/26215/1ccug,1ccug
/player/1438/real8,real8
/player/34183/rab1q,rab1q
/player/34184/yzka1,yzka1
/player/34185/nyoz,nyoz
/player/34181/ntergreen,ntergreen
/player/34182/roud,roud
/player/18050/ccc,ccc
/player/10511/bibiwater,bibiwater
/player/10512/kevinzone,kevinzone
/player/34169/land,land
/player/34170/ren,ren
/player/727/saadhak,saadhak
/player/8480/aspas,aspas
/player/8447/less,less
/player/2408/tuyz,tuyz
/player/6193/cauanzin,cauanzin
/player/145/frod,frod
/player/5709/stkj,stkj
/player/1671/kon4n,kon4n
/player/8873/dgzin,dgzin
/player/939/mwzera,mwzera
/player/1575/quick,quick
/player/8872/mazin,mazin
/player/1711/khalil,khalil
/player/8707/frost,frost
/player/2465/carlao,carlao
/player/8706/havoc,havoc
/player/1581/guhrvn,guhrvn
/player/660/pancc,pancc
/player/1607/ntk,ntk
/player/25743/raafa,raafa
/player/2402/l4cerr,l4cerr
/player/25910/peu,peu
/player/951/bld,bld
/player/9266/tisora,tisora
/player/1222/fzkk,fzkk
/player/936/fznnn,fznnn
/player/6213/jacobin,jacobin
/player/1902/gatti,gatti
/player/15227/tigas,tigas
/player/3433/ctc,ctc
/player/3157/gaabxx,gaabxx
/player/1585/gtn,gtn
/player/8881/leozin,leozin
/player/1999/rnd,rnd
/player/3461/napz,napz
/player/3169/zap,zap
/player/1564/rhz,rhz
/player/662/pryze,pryze
/player/6195/lz,lz
/player/15361/swag,swag
/player/8476/fatmarino,fatmarino
/player/4556/txddy,txddy
/player/1567/bezn1,bezn1
/player/11921/silentzz,silentzz
/player/1566/prozin,prozin
/player/7343/sllayer,sllayer
/player/5485/zezao,zezao
/player/8456/mnds,mnds
/player/20240/xenon,xenon
/player/5395/cortezia,cortezia
/player/1586/v1nny,v1nny
/player/27149/brinks,brinks
/player/1684/denaro,denaro
/player/3156/chase,chase
/player/1670/matheuzin,matheuzin
/player/8889/ryotzz,ryotzz
/player/5375/luk,luk
/player/19252/okta,okta
/player/1629/dyx,dyx
/player/19275/shoyu,shoyu
/player/4554/luqz,luqz
/player/13826/tak1,tak1
/player/22884/luskka,luskka
/player/19265/gbr,gbr
/player/6222/ginilson,ginilson
/player/20251/vit9ine,vit9ine
/player/23010/nickszxz,nickszxz
/player/21247/lovex,lovex
/player/12080/nandinh0,nandinh0
/player/13826/tak1,tak1
/player/6248/tooug,tooug
/player/664/brnwowzk1,brnwowzk1
/player/19517/rdo,rdo
/player/2209/furq,furq
/player/6238/urango,urango
/player/21659/sato,sato
/player/1688/rood,rood
/player/1994/evilkyk,evilkyk
/player/25858/sw,sw
/player/28381/mattyx,mattyx
/player/26214/cidzzz,cidzzz
/player/665/fluyr,fluyr
/player/2486/pollo,pollo
/player/2567/liazzi,liazzi
/player/1221/krain,krain
/player/1576/pleets,pleets
/player/1740/flainzz,flainzz
/player/3416/marlow,marlow
/player/8469/koy,koy
/player/22860/bielzera,bielzera
/player/3424/siduzord,siduzord
/player/6248/tooug,tooug
/player/14944/ind1n,ind1n
/player/23807/rajadajj,rajadajj
/player/1605/champzera,champzera
/player/23064/jvsz,jvsz
/player/5300/jayp,jayp
/player/14944/ind1n,ind1n
/player/13092/ant,ant
/player/4554/luqz,luqz
/player/3612/lkshow,lkshow
/player/32711/macca,macca
/player/16604/gontww,gontww
/player/21233/jpl,jpl
/player/22989/gb,gb
/player/32712/ank,ank
/player/27728/roxthi,roxthi
/player/32727/swz,swz
/player/22958/mgl,mgl
/player/23850/hugofar,hugofar
/player/5356/gtto,gtto
/player/15348/celestial,celestial
/player/8460/sttlolo,sttlolo
/player/30363/c-y,c-y
/player/3417/vln,vln
/player/5366/aqui-relamp-g,aqui-relamp-g
/player/2035/gustt1nha,gustt1nha
/player/1595/myssen,myssen
/player/14950/gobera,gobera
/player/5716/maverick,maverick
/player/1231/fuzari,fuzari
/player/25670/ericzn,ericzn
/player/23861/leeoloos,leeoloos
/player/2415/veroneze,veroneze
/player/5244/sutecas,sutecas
/player/2006/glym,glym
/player/20398/rotex,rotex
/player/15681/palla,palla
/player/8460/sttlolo,sttlolo
/player/21659/sato,sato
/player/19516/di-wade,di-wade
/player/8892/snw,snw
/player/2416/francez,francez
/player/13181/pdr,pdr
/player/673/dimas,dimas
/player/3731/poti,poti
/player/32800/drope,drope
/player/32801/turkish,turkish
/player/2565/brn,brn
/player/22941/paradise,paradise
/player/32802/luid,luid
/player/25858/sw,sw
/player/22884/luskka,luskka
/player/36110/lewa,lewa
/player/20238/askia,askia
/player/950/fra,fra
/player/5244/sutecas,sutecas
/player/28381/mattyx,mattyx
/player/2006/glym,glym
/player/26214/cidzzz,cidzzz
/player/22964/forbanz,forbanz
/player/22907/jvzin,jvzin
/player/25731/jaozy,jaozy
/player/22911/akxshi,akxshi
/player/22969/fopzn,fopzn
/player/22967/vengeance,vengeance
/player/2412/rcsoldier,rcsoldier
/player/8886/cello,cello
/player/25824/siscato,siscato
/player/32712/ank,ank
/player/8896/loweed,loweed
/player/5957/artzin,artzin
/player/1578/shion,shion
/player/3826/adverso,adverso
/player/5722/prince,prince
/player/35094/b4rtin,b4rtin
/player/2210/phonics,phonics
/player/2008/fame,fame
/player/8442/karim,karim
/player/5381/owchet,owchet
/player/2411/smk,smk
/player/5379/4dr,4dr
/player/5383/kid,kid
/player/11102/bida,bida
/player/948/pava,pava
/player/1655/tixinha,tixinha
/player/1659/spacca,spacca
/player/16620/bruninej,bruninej
/player/5186/lugn,lugn
/player/5757/yunz,yunz
/player/666/mxm,mxm
/player/6248/tooug,tooug
/player/20398/rotex,rotex
/player/14958/kakajesus,kakajesus
/player/8460/sttlolo,sttlolo
/player/12091/djjoka,djjoka
/player/20247/vhl,vhl
/player/13179/mega,mega
/player/2415/veroneze,veroneze
/player/14933/depppx,depppx
/player/23001/zaninzs,zaninzs
/player/18906/spasz,spasz
/player/26263/zoiu,zoiu
/player/26264/skull,skull
/player/26265/mentoz,mentoz
/player/26268/furlan,furlan
/player/32732/yeah,yeah
/player/32777/razor,razor
/player/20234/dekj,dekj
/player/14935/rubinho,rubinho
/player/25643/sekyra,sekyra
/player/32778/vytozada,vytozada
/player/3424/siduzord,siduzord
/player/22888/m4dara-njr,m4dara-njr
/player/15362/yankz,yankz
/player/25793/space-panda,space-panda
/player/5372/shelbyn,shelbyn
/player/33122/gla1we,gla1we
/player/26261/cy0,cy0
/player/22962/deriow,deriow
/player/5344/dvs,dvs
/player/30362/andyz,andyz
/player/5358/vigo,vigo
/player/3441/appleland7,appleland7
/player/6237/faelzin,faelzin
/player/1605/champzera,champzera
/player/23850/hugofar,hugofar
/player/20247/vhl,vhl
/player/12091/djjoka,djjoka
/player/25663/dodo,dodo
/player/14958/kakajesus,kakajesus
/player/23000/leakk0,leakk0
/player/3731/poti,poti
/player/3441/appleland7,appleland7
/player/23850/hugofar,hugofar
/player/12093/shin,shin
/player/28716/lukxo,lukxo
/player/21251/blowz1n,blowz1n
/player/21660/teddy,teddy
/player/3417/vln,vln
/player/21661/sp1ke,sp1ke
/player/13171/safed,safed
/player/2565/brn,brn
/player/22941/paradise,paradise
/player/9822/made,made
/player/6186/rodrok1ng,rodrok1ng
/player/18986/pierre,pierre
/player/6202/guuih,guuih
/player/667/pepa,pepa
/player/5342/duht,duht
/player/3455/zanatsu,zanatsu
/player/2451/tockers,tockers
/player/2985/hiromi,hiromi
/player/13174/littlecake,littlecake
/player/5338/koli,koli
/player/22915/zion,zion
/player/16598/hati,hati
/player/23787/saint-cap,saint-cap
/player/13175/xamber,xamber
/player/25845/galaxyy,galaxyy
/player/3170/aimgreen,aimgreen
/player/3161/vett,vett
/player/5558/surpr1seeeeeeeee,surpr1seeeeeeeee
/player/12072/xezaxi,xezaxi
/player/3398/ryuzin,ryuzin
/player/25679/v1nni,v1nni
/player/16606/trajan1sk,trajan1sk
/player/16607/maciel,maciel
/player/16608/lopesboy,lopesboy
/player/35665/miyeon,miyeon
/player/25792/muri,muri
/player/21635/jiraiya,jiraiya
/player/21633/pipec4t,pipec4t
/player/22990/trigue,trigue
/player/22991/b1hanter,b1hanter
/player/25830/synk,synk
/player/23847/tchu,tchu
/player/22912/pkx,pkx
/player/22914/hiiik,hiiik
/player/25834/h1perz,h1perz
/player/19266/rafa,rafa
/player/9821/m4ndzin,m4ndzin
/player/27437/gabee,gabee
/player/14291/mindle,mindle
/player/11244/gabit,gabit
/player/12142/aninha,aninha
/player/5354/mat,mat
/player/21130/flsh,flsh
/player/4720/haodong,haodong
/player/3520/zmjjkk,zmjjkk
/player/3017/nobody,nobody
/player/15559/chichoo,chichoo
/player/4742/smoggy,smoggy
/player/5011/abo,abo
/player/8643/after,after
/player/29401/muggle,muggle
/player/3049/sword9,sword9
/player/6022/yosemite,yosemite
/player/4774/knight,knight
/player/3547/ninebody,ninebody
/player/3045/luok1ng,luok1ng
/player/6025/yorkmonster,yorkmonster
/player/14444/eren,eren
/player/14445/ac,ac
/player/14125/spring,spring
/player/25329/b3ar,b3ar
/player/19530/aaaay,aaaay
/player/7857/berlin,berlin
/player/4723/yuchen,yuchen
/player/11218/yuicaw,yuicaw
/player/4880/nizhaotzh,nizhaotzh
/player/34676/9hr,9hr
/player/3532/nathand,nathand
/player/34214/billyo,billyo
/player/4777/yuk1no,yuk1no
/player/3535/yeoj,yeoj
/player/30519/allan,allan
/player/3033/bly,bly
/player/3406/webb,webb
/player/15249/destroyer,destroyer
/player/4885/whz,whz
/player/3024/rin,rin
/player/4770/fengf,fengf
/player/4771/iceking,iceking
/player/4705/feiyan,feiyan
/player/4710/you,you
/player/4712/heybay,heybay
/player/4808/813,813
/player/3531/midnight,midnight
/player/3534/cxy0714,cxy0714
/player/14431/monk,monk
/player/10486/yhchen,yhchen
/player/25949/bunt,bunt
/player/3028/life,life
/player/7135/hfmi0dzjc9z7,hfmi0dzjc9z7
/player/3032/mute,mute
/player/3020/coldfish,coldfish
/player/3536/k1te,k1te
/player/3018/trytry,trytry
/player/3038/weirdo,weirdo
/player/30346/lizhi,lizhi
/player/17524/ximilu,ximilu
/player/25415/yusin,yusin
/player/17525/wawalee,wawalee
/player/36483/nico,nico
/player/36419/sui,sui
/player/36420/strawberrycc,strawberrycc
/player/7130/bing9z,bing9z
/player/14461/9mkk,9mkk
/player/1924/ace,ace
/player/4320/yihao,yihao
/player/4881/spitfires,spitfires
/player/36414/dxy,dxy
/player/3031/septem7,septem7
/player/36415/viva,viva
/player/36668/mart1n,mart1n
/player/3016/miraclexd,miraclexd
/player/7128/edge1337,edge1337
/player/4764/lyyovo,lyyovo
/player/30523/muhemai,muhemai
/player/30524/artill,artill
/player/30525/penge,penge
/player/4311/star1og,star1og
/player/21670/revival,revival
/player/13229/aowha,aowha
/player/5255/neal-x,neal-x
/player/36416/q1ndahe,q1ndahe
/player/3027/cyah6,cyah6
/player/8667/balua,balua
/player/14441/8lua,8lua
/player/4416/link,link
/player/14439/ffs,ffs
/player/15549/pinklove,pinklove
/player/14454/kak,kak
/player/36509/amarantos,amarantos
/player/36510/mujun,mujun
/player/36511/hato,hato
/player/15550/zzsakura,zzsakura
/player/11842/miluan,miluan
/player/3025/zero1,zero1
/player/30520/xbox,xbox
/player/30522/barricade,barricade
/player/4830/try,try
/player/6024/glxad,glxad
/player/15304/xixi,xixi
/player/15305/saki,saki
/player/15306/vivi,vivi
/player/15307/jue,jue
/player/30340/terii,terii
/player/30533/t1anxuan,t1anxuan
/player/438/boaster,boaster
/player/1380/leo,leo
/player/5022/derke,derke
/player/458/chronicle,chronicle
/player/9810/alfajer,alfajer
/player/1475/kamyk,kamyk
/player/18972/cojo,cojo
/player/12003/anderzz,anderzz
/player/3323/mini,mini
/player/361/slk,slk
/player/109/ange1,ange1
/player/384/shao,shao
/player/11/zyppan,zyppan
/player/2858/suygetsu,suygetsu
/player/573/cned,cned
/player/452/d00mbr0s,d00mbr0s
/player/447/lateks,lateks
/player/3672/bonecold,bonecold
/player/1281/molsi,molsi
/player/1615/destrian,destrian
/player/1137/twisten,twisten
/player/4321/cender,cender
/player/20653/yozeii,yozeii
/player/28277/mulgan95,mulgan95
/player/1548/salah,salah
/player/9134/strong,strong
/player/8815/gorilla,gorilla
/player/33240/placido,placido
/player/20803/marcus-askildsen,marcus-askildsen
/player/8044/mrfalin,mrfalin
/player/6510/atakaptan,atakaptan
/player/8551/muj,muj
/player/3604/mojj,mojj
/player/1139/qraxs,qraxs
/player/10125/qw1,qw1
/player/25349/mol,mol
/player/8845/gais,gais
/player/21980/nednagg,nednagg
/player/29001/inthra,inthra
/player/25299/mr-kane,mr-kane
/player/93/mixwell,mixwell
/player/1507/avova,avova
/player/562/zeek,zeek
/player/1144/boo,boo
/player/3582/keloqz,keloqz
/player/2039/neilzinho,neilzinho
/player/2038/weber,weber
/player/502/linepro,linepro
/player/1378/addicted,addicted
/player/10885/davih,davih
/player/19691/tomaszy,tomaszy
/player/7660/fizzy,fizzy
/player/5203/bati,bati
/player/8703/san-alex,san-alex
/player/530/mowzassa,mowzassa
/player/9780/jamppi,jamppi
/player/457/nats,nats
/player/312/sayf,sayf
/player/1427/redgar,redgar
/player/101/soulcas,soulcas
/player/18991/cauzed,cauzed
/player/453/emil,emil
/player/15906/bacon9,bacon9
/player/1493/starkk,starkk
/player/8502/olizera,olizera
/player/2636/k1zpawn,k1zpawn
/player/14681/kamo,kamo
/player/5893/robbiebk,robbiebk
/player/9142/frs,frs
/player/2881/lohan,lohan
/player/21959/kpzet,kpzet
/player/1885/purp0,purp0
/player/10338/lime,lime
/player/21619/jugi,jugi
/player/4244/yaboilewis,yaboilewis
/player/2052/kuba,kuba
/player/27335/v1cked,v1cked
/player/2859/aricune,aricune
/player/25223/maeve,maeve
/player/20033/johnny-lobster,johnny-lobster
/player/5501/jlerst,jlerst
/player/5568/sociablee,sociablee
/player/4893/lauress,lauress
/player/18677/ruxic,ruxic
/player/5566/jeyj7y,jeyj7y
/player/21869/yetgin,yetgin
/player/4891/afr0nfire,afr0nfire
/player/4890/l7,l7
/player/4274/xazyy,xazyy
/player/1944/cayden,cayden
/player/12474/tag,tag
/player/7162/wackie,wackie
/player/2313/feqew,feqew
/player/5840/zanx,zanx
/player/1943/simoz,simoz
/player/113/hyp,hyp
/player/2098/thebigfiz,thebigfiz
/player/20871/kadavra,kadavra
/player/440/akumaaaaa,akumaaaaa
/player/2621/goaster,goaster
/player/11870/menegh,menegh
/player/115/crea,crea
/player/1374/alive,alive
/player/4325/musashi,musashi
/player/2662/br0die,br0die
/player/2190/baddyg,baddyg
/player/6038/b3astm0d3,b3astm0d3
/player/3127/monsteerr,monsteerr
/player/19736/krimson,krimson
/player/1622/nbs,nbs
/player/568/turko,turko
/player/1481/aslanm4shadow,aslanm4shadow
/player/8041/brave,brave
/player/10161/qutionerx,qutionerx
/player/556/souhcni,souhcni
/player/16459/elite,elite
/player/20579/reen,reen
/player/16576/epic,epic
/player/19814/vlad,vlad
/player/2100/ikke,ikke
/player/14811/arbie,arbie
/player/2291/hussar,hussar
/player/2523/kwixy,kwixy
/player/6925/chadi,chadi
/player/8739/victorson,victorson
/player/1399/sterben,sterben
/player/10163/cyderx,cyderx
/player/16459/elite,elite
/player/4589/burzzy,burzzy
/player/10160/izzy,izzy
/player/36053/secaf,secaf
/player/33932/bishop,bishop
/player/15109/uveys094,uveys094
/player/1151/nico,nico
/player/3934/eleo,eleo
/player/15178/canefis,canefis
/player/5593/luc1d,luc1d
/player/20032/treelover,treelover
/player/21974/chefstrobel,chefstrobel
/player/30751/alfaxx,alfaxx
/player/3667/nagi,nagi
/player/1162/russ,russ
/player/8009/vong,vong
/player/1167/luzuh,luzuh
/player/390/kray,kray
/player/99/l1nk,l1nk
/player/1140/matti,matti
/player/321/chiwawa,chiwawa
/player/217/seider,seider
/player/11134/kicks,kicks
/player/7/bonkar,bonkar
/player/7104/juseu,juseu
/player/13835/max0b,max0b
/player/195/desmo,desmo
/player/3860/al1en,al1en
/player/21610/runner,runner
/player/2832/patix,patix
/player/3839/prti,prti
/player/8593/grmekista,grmekista
/player/6881/pakko,pakko
/player/31635/plaguerat,plaguerat
/player/21328/wo0t,wo0t
/player/8369/yetujey,yetujey
/player/6559/destructivee,destructivee
/player/13545/werlass,werlass
/player/1401/sasuke,sasuke
/player/4894/jn3v1ceee,jn3v1ceee
/player/30280/pal,pal
/player/1400/marqnue,marqnue
/player/557/mavera,mavera
/player/13652/vladk0r,vladk0r
/player/4521/unfake,unfake
/player/19588/neptuno,neptuno
/player/1524/h1ber,h1ber
/player/2483/popifresh,popifresh
/player/2534/lowel,lowel
/player/8810/thinkii,thinkii
/player/19609/yaba,yaba
/player/23169/minny,minny
/player/25906/alexiiik,alexiiik
/player/2654/mafin,mafin
/player/8014/cantzer,cantzer
/player/29873/benjyfishy,benjyfishy
/player/5559/tenebra,tenebra
/player/8808/pyrolll,pyrolll
/player/203/kenz,kenz
/player/201/allin,allin
/player/362/tian,tian
/player/2286/optimist,optimist
/player/2617/leare,leare
/player/1620/ale,ale
/player/909/vicious,vicious
/player/2619/lynxi,lynxi
/player/5312/freddan,freddan
/player/301/takas,takas
/player/868/logan,logan
/player/19522/wailers,wailers
/player/220/beyaz,beyaz
/player/5004/natank,natank
/player/1387/apo,apo
/player/4201/m4xikk,m4xikk
/player/10931/xenp1o,xenp1o
/player/19527/jamter,jamter
/player/7008/quv3n,quv3n
/player/19526/rexxtoned,rexxtoned
/player/29997/w1jng,w1jng
/player/114/enzo,enzo
/player/2173/magnum,magnum
/player/1457/mistic,mistic
/player/451/shadow,shadow
/player/11494/keiko,keiko
/player/4973/otom,otom
/player/36088/gulden,gulden
/player/333/itopata,itopata
/player/9781/forrest,forrest
/player/15459/dannyto,dannyto
/player/339/koldamenta,koldamenta
/player/565/starxo,starxo
/player/1428/sheydos,sheydos
/player/2168/trexx,trexx
/player/9558/wolfen,wolfen
/player/813/barbarr,barbarr
/player/3055/goked,goked
/player/14222/bambino,bambino
/player/18350/miniboo,miniboo
/player/2894/kiles,kiles
/player/2864/ease,ease
/player/2570/roxie,roxie
/player/20055/toki,toki
/player/293/yurii,yurii
/player/2196/lrojo,lrojo
/player/2600/mcjuankar,mcjuankar
/player/569/paura,paura
/player/10146/reazy,reazy
/player/10971/riens,riens
/player/2107/russ,russ
/player/1157/aslan,aslan
/player/15094/9999,9999
/player/4162/daisuke,daisuke
/player/3129/krea6on,krea6on
/player/15064/kajuks,kajuks
/player/7466/1nput,1nput
/player/4163/alain,alain
/player/10378/almo,almo
/player/7242/freyy,freyy
/player/3746/hitch,hitch
/player/8808/pyrolll,pyrolll
/player/3838/tatzuki,tatzuki
/player/10920/fistie,fistie
/player/28473/marchi,marchi
/player/1835/elllement,elllement
/player/4629/azury,azury
/player/2472/benny,benny
/player/4969/shazeon,shazeon
/player/1616/starki,starki
/player/16431/kapio,kapio
/player/9722/sebe,sebe
/player/1347/ivan4ezz,ivan4ezz
/player/5776/dawn7,dawn7
/player/9915/jennax,jennax
/player/1388/gatsh,gatsh
/player/2893/hastack,hastack
/player/3741/vo0kashu,vo0kashu
/player/8811/humanz,humanz
/player/2886/drk,drk
/player/6909/jannyxd,jannyxd
/player/15279/tinderlvl12,tinderlvl12
/player/9806/papasmurf,papasmurf
/player/18400/bipo,bipo
/player/2182/hearthbeat,hearthbeat
/player/4277/n-a-i-s,n-a-i-s
/player/10339/afoxx,afoxx
/player/10307/marteen,marteen
/player/136/jesmund,jesmund
/player/7214/braahh,braahh
/player/141/10k,10k
/player/18241/ilka,ilka
/player/4848/griguaj,griguaj
/player/4234/benzki,benzki
/player/4299/cal,cal
/player/9447/apyr,apyr
/player/13380/thoooom,thoooom
/player/7994/brazy,brazy
/player/11332/ara,ara
/player/27813/zery,zery
/player/27815/traich,traich
/player/28098/linus,linus
/player/7169/glenn,glenn
/player/27956/letitreign,letitreign
/player/24798/dmkeks1,dmkeks1
/player/19523/bao,bao
/player/5554/profek,profek
/player/9143/darkosek,darkosek
/player/9554/kaajak,kaajak
/player/4540/sferon,sferon
/player/10136/cnka,cnka
/player/8042/e5n,e5n
/player/10965/shapaz,shapaz
/player/10139/wizard,wizard
/player/8595/skygi,skygi
/player/24360/nunu,nunu
/player/2195/vity,vity
/player/7221/fonk,fonk
/player/7884/palo,palo
/player/2871/spanisfury,spanisfury
/player/1841/synsi,synsi
/player/294/exerz,exerz
/player/8590/killdream,killdream
/player/5199/guardy,guardy
/player/2843/circu,circu
/player/7715/keko,keko
/player/6041/xikii,xikii
/player/8819/meison,meison
/player/10/rhyme,rhyme
/player/292/fit1nho,fit1nho
/player/3070/nukkye,nukkye
/player/2690/hoody,hoody
/player/4181/cloud,cloud
/player/319/pipson,pipson
/player/4010/milan,milan
/player/341/quick,quick
/player/15473/yuno,yuno
/player/90/idex,idex
/player/6959/flickless,flickless
/player/16209/famsii,famsii
/player/7933/sleydark,sleydark
/player/10093/mech,mech
/player/28947/darkthas,darkthas
/player/27471/aer0z,aer0z
/player/19057/mudarra,mudarra
/player/1898/forgetw0w,forgetw0w
/player/1899/perelomslivki,perelomslivki
/player/1900/merq,merq
/player/36386/xitsu,xitsu
/player/461/gray,gray
/player/23174/snowi,snowi
/player/5834/mikelelle,mikelelle
/player/7232/banx,banx
/player/22179/shy,shy
/player/6035/supremjo,supremjo
/player/36498/conor,conor
/player/30909/painx,painx
/player/23099/gunnyx,gunnyx
/player/7987/kovaq,kovaq
/player/18478/vali,vali
/player/30288/jubra,jubra
/player/6928/uncaged,uncaged
/player/33658/recliff,recliff
/player/29656/snowkone,snowkone
/player/6911/ds,ds
/player/15577/brk,brk
/player/15376/grtw,grtw
/player/532/vtagut,vtagut
/player/6910/kenzmps,kenzmps
/player/33779/vini,vini
/player/35016/angelmon,angelmon
/player/23059/negaral,negaral
/player/126/nowaxxzang,nowaxxzang
/player/15969/yuta,yuta
/player/12543/wissite1,wissite1
/player/253/sp1ke,sp1ke
/player/164/bzt,bzt
/player/22524/knacky,knacky
/player/14608/viqzo,viqzo
/player/3918/warcloown,warcloown
/player/12372/szoren,szoren
/player/1848/incredible,incredible
/player/2179/bmblbe,bmblbe
/player/6969/gunners,gunners
/player/2548/kequeq,kequeq
/player/30750/enes,enes
/player/6366/jurca,jurca
/player/8672/louitan,louitan
/player/20969/ngin,ngin
/player/27811/hydro,hydro
/player/33873/lennbro,lennbro
/player/30695/nacht,nacht
/player/30694/itzi,itzi
/player/6873/geni,geni
/player/6969/gunners,gunners
/player/8838/chanformer,chanformer
/player/12372/szoren,szoren
/player/7301/argent,argent
/player/1377/phatt,phatt
/player/4214/eso177,eso177
/player/7883/silenttt,silenttt
/player/1353/dext,dext
/player/26808/fainz,fainz
/player/7278/hartik,hartik
/player/22268/azzii,azzii
/player/22267/nyze,nyze
/player/172/vakk,vakk
/player/1249/amilwa,amilwa
/player/1284/mikee,mikee
/player/4597/sabaaa,sabaaa
/player/10273/fatiiiih,fatiiiih
/player/10375/braso,braso
/player/12860/loom,loom
/player/4847/lando,lando
/player/7478/denzo,denzo
/player/2096/knightvoice,knightvoice
/player/33501/sword,sword
/player/7243/dolar,dolar
/player/8805/sacake,sacake
/player/14607/leen,leen
/player/6889/neskaas,neskaas
/player/13258/cyvoph,cyvoph
/player/2653/jesse,jesse
/player/12459/volt3n,volt3n
/player/34264/kentaro,kentaro
/player/5292/al0rante,al0rante
/player/3753/obnoks,obnoks
/player/1153/murii,murii
/player/4544/filu,filu
/player/3674/iluri,iluri
/player/1513/recident,recident
/player/1363/kundikundi,kundikundi
/player/7304/naked,naked
/player/6518/fred,fred
/player/3596/lauzen,lauzen
/player/8039/unity,unity
/player/12066/ravanue,ravanue
/player/23098/aphun,aphun
/player/31012/atila,atila
/player/18192/ryn,ryn
/player/26837/poegii,poegii
/player/28851/shakie,shakie
/player/22209/niraroo,niraroo
/player/2841/foxiegg,foxiegg
/player/129/hype,hype
/player/29867/hiro,hiro
/player/11322/sevire,sevire
/player/4308/magik,magik
/player/7349/fields,fields
/player/10929/tellfeenzo,tellfeenzo
/player/4182/dreams,dreams
/player/4162/daisuke,daisuke
/player/4163/alain,alain
/player/14433/same,same
/player/1486/b1ggy,b1ggy
/player/21708/pietola,pietola
/player/16432/johkubb,johkubb
/player/15384/mot1on,mot1on
/player/30803/killhungry,killhungry
/player/27484/gobz,gobz
/player/17276/w0dash,w0dash
/player/5488/mermi,mermi
/player/2099/cleverly,cleverly
/player/249/m1kket,m1kket
/player/11178/darkosek,darkosek
/player/15382/kongi,kongi
/player/27477/yuno,yuno
/player/3927/faceroll,faceroll
/player/7868/lele,lele
/player/4329/vince,vince
/player/7277/stokesy,stokesy
/player/3649/litshii,litshii
/player/7490/anguist,anguist
/player/10403/jaf,jaf
/player/11323/ego,ego
/player/30753/dylan,dylan
/player/2538/youngone,youngone
/player/7264/varlas,varlas
/player/9540/rxyal,rxyal
/player/22433/quantumrino,quantumrino
/player/29746/baljeed,baljeed
/player/29828/shadow4ops,shadow4ops
/player/29669/bubu,bubu
/player/2656/snikk,snikk
/player/2658/xuss,xuss
/player/4525/stix,stix
/player/5550/grubinho,grubinho
/player/3784/katu,katu
/player/4541/belmonte,belmonte
/player/1155/buld,buld
/player/13432/bbreakg,bbreakg
/player/2701/maniek,maniek
/player/7220/saiz,saiz
/player/13430/krysys,krysys
/player/26054/rrubiiyz,rrubiiyz
/player/25161/bengall,bengall
/player/546/gosaydam,gosaydam
/player/19775/j4h-x,j4h-x
/player/21897/alvera,alvera
/player/16531/soyer,soyer
/player/16483/gloomy,gloomy
/player/12670/nekky,nekky
/player/7226/nightmaresan,nightmaresan
/player/12103/limpe,limpe
/player/1522/rck,rck
/player/8831/noumit,noumit
/player/9526/psych0,psych0
/player/27030/flokke,flokke
/player/19348/zealous,zealous
/player/10508/zehradieux,zehradieux
/player/291/jonba,jonba
/player/2835/kyrrz,kyrrz
/player/6899/shhhack,shhhack
/player/251/b1sk,b1sk
/player/402/insider,insider
/player/2876/empy,empy
/player/31295/drunkenpony,drunkenpony
/player/444/smartseven,smartseven
/player/9267/masen1,masen1
/player/36728/jxlius,jxlius
/player/7985/nexie,nexie
/player/27789/deyten,deyten
/player/6852/nyaru,nyaru
/player/10413/17nik,17nik
/player/219/tidus,tidus
/player/6946/jakexd,jakexd
/player/2620/ooriime,ooriime
/player/3580/koneqt,koneqt
/player/9135/oniby,oniby
/player/8241/quentinbtx,quentinbtx
/player/10300/road,road
/player/9470/zanpoyo,zanpoyo
/player/12542/khe0ps,khe0ps
/player/5006/nrk,nrk
/player/141/10k,10k
/player/7214/braahh,braahh
/player/36392/damian-lillard,damian-lillard
/player/10946/shalz,shalz
/player/16483/gloomy,gloomy
/player/12064/lanky,lanky
/player/2996/neiker,neiker
/player/4577/ene,ene
/player/22291/razziss,razziss
/player/4207/1ndra,1ndra
/player/31569/cyan,cyan
/player/29973/garcia,garcia
/player/35783/byron,byron
/player/4844/pops,pops
/player/19797/roltax,roltax
/player/29983/charlesinh0,charlesinh0
/player/10139/wizard,wizard
/player/8042/e5n,e5n
/player/14612/lux9,lux9
/player/3563/babax,babax
/player/12579/darklight,darklight
/player/12928/veqaj,veqaj
/player/16254/mercure,mercure
/player/31196/awak,awak
/player/20578/larsson,larsson
/player/6341/skazzx,skazzx
/player/2700/jas,jas
/player/2669/kenobi,kenobi
/player/2189/qxv,qxv
/player/5490/xitsha,xitsha
/player/4543/nyczu,nyczu
/player/564/ayke,ayke
/player/18009/patr1k,patr1k
/player/9306/rokoo,rokoo
/player/2525/szimpli,szimpli
/player/10301/wheelsonfire,wheelsonfire
/player/16278/oli,oli
/player/5847/mizu,mizu
/player/234/aron,aron
/player/3370/sheutaaa,sheutaaa
/player/1830/highkitty,highkitty
/player/3893/dixon,dixon
/player/7274/jamie,jamie
/player/11323/ego,ego
/player/9762/jamie,jamie
/player/6976/truk,truk
/player/7490/anguist,anguist
/player/4623/phardon,phardon
/player/7666/ralle,ralle
/player/2853/apex,apex
/player/2892/scarx,scarx
/player/13305/krm,krm
/player/2838/littlesatan1,littlesatan1
/player/19789/platanaday,platanaday
/player/28606/davopavo,davopavo
/player/33555/clory,clory
/player/22687/x-rox,x-rox
/player/20144/lewn,lewn
/player/33556/morti,morti
/player/15733/tyzz,tyzz
/player/3937/zanderm,zanderm
/player/3936/sembern,sembern
/player/8440/puggy,puggy
/player/9559/nk4y,nk4y
/player/15460/wakuz,wakuz
/player/33358/shinnok,shinnok
/player/2522/specimen,specimen
/player/164/bzt,bzt
/player/162/tigene,tigene
/player/5776/dawn7,dawn7
/player/1347/ivan4ezz,ivan4ezz
/player/2252/anq,anq
/player/2290/dips1,dips1
/player/2287/mandjos1k,mandjos1k
/player/21206/zerch,zerch
/player/5778/frenya,frenya
/player/7974/kilicarslan,kilicarslan
/player/4365/killax,killax
/player/4214/eso177,eso177
/player/1166/neiixzz,neiixzz
/player/4212/fakeananas,fakeananas
/player/92/scream,scream
/player/14669/nivera,nivera
/player/4603/xms,xms
/player/2625/shin,shin
/player/2622/newzera,newzera
/player/1249/amilwa,amilwa
/player/1284/mikee,mikee
/player/538/pm,pm
/player/302/ze1sh,ze1sh
/player/1372/elossa,elossa
/player/4892/mersa,mersa
/player/31855/celasun,celasun
/player/5500/docent,docent
/player/3549/touven,touven
/player/5564/deadink,deadink
/player/11537/manur,manur
/player/35092/zggr,zggr
/player/15487/aqua,aqua
/player/22495/mochi,mochi
/player/13435/fragger,fragger
/player/16012/akira,akira
/player/12429/symon,symon
/player/35083/l0gic,l0gic
/player/6850/obdc,obdc
/player/16345/yayax,yayax
/player/3769/killu,killu
/player/226/roden,roden
/player/13439/soon,soon
/player/3579/marctylinho,marctylinho
/player/6313/djaz,djaz
/player/4691/unkoe,unkoe
/player/119/rax,rax
/player/11365/stev0r,stev0r
/player/541/zonixx,zonixx
/player/24803/harmii,harmii
/player/439/pan,pan
/player/540/nookyyy,nookyyy
/player/12408/daitan,daitan
/player/11194/klausc,klausc
/player/22265/wake,wake
/player/27476/ilectro,ilectro
/player/30696/saint,saint
/player/5990/morthe,morthe
/player/22606/itsrubii,itsrubii
/player/8110/kayban,kayban
/player/25106/mind,mind
/player/6904/ziborc,ziborc
/player/30356/mrdeza16,mrdeza16
/player/28275/legionario,legionario
/player/4627/altopo,altopo
/player/29979/kirtash,kirtash
/player/17644/matrixx,matrixx
/player/12528/disisjohn,disisjohn
/player/9508/leosen,leosen
/player/2540/happen,happen
/player/4971/nkls,nkls
/player/9507/silvoxx,silvoxx
/player/3937/zanderm,zanderm
/player/3936/sembern,sembern
/player/8440/puggy,puggy
/player/9559/nk4y,nk4y
/player/10139/wizard,wizard
/player/7312/fivestar,fivestar
/player/5569/p0wa77,p0wa77
/player/10136/cnka,cnka
/player/8042/e5n,e5n
/player/1467/kha,kha
/player/1465/theow,theow
/player/1466/exampl,exampl
/player/6918/youbreak,youbreak
/player/16052/allex,allex
/player/29042/villu,villu
/player/5982/illegal,illegal
/player/29041/jago,jago
/player/10337/danji,danji
/player/33023/wolverbean,wolverbean
/player/13443/akimb0,akimb0
/player/6364/mishu,mishu
/player/13235/radski,radski
/player/5323/davud,davud
/player/5983/masked,masked
/player/18971/bodork,bodork
/player/23184/andreas,andreas
/player/29972/michel,michel
/player/24359/faska,faska
/player/19581/tormo,tormo
/player/25217/zcta,zcta
/player/32304/macharc,macharc
/player/22497/spliitzzy,spliitzzy
/player/22208/shark,shark
/player/29581/molina,molina
/player/33839/torii,torii
/player/33434/ephammy,ephammy
/player/12408/daitan,daitan
/player/13294/lonzo,lonzo
/player/9574/ayyzicle,ayyzicle
/player/4266/rousik,rousik
/player/10183/vjt,vjt
/player/11326/luky,luky
/player/11127/elysium,elysium
/player/3557/skylen,skylen
/player/5517/masic,masic
/player/3862/deepmans,deepmans
/player/7974/kilicarslan,kilicarslan
/player/5563/cacan,cacan
/player/1828/xistou,xistou
/player/21725/loggii,loggii
/player/29651/scara,scara
/player/13071/archi,archi
/player/13074/keik,keik
/player/29652/midgard,midgard
/player/24395/kelfy,kelfy
/player/29741/safik,safik
/player/13618/melside,melside
/player/29742/anx1os,anx1os
/player/6998/nvrfear,nvrfear
/player/7137/kenyf,kenyf
/player/33733/anbu,anbu
/player/33732/nunmeister,nunmeister
/player/33734/jablko,jablko
/player/33735/czech,czech
/player/3745/bobys,bobys
/player/36079/puddi,puddi
/player/5862/mass3r,mass3r
/player/5854/z3ro,z3ro
/player/23347/alan,alan
/player/29998/drastz,drastz
/player/11122/byron,byron
/player/31637/lilith,lilith
/player/7706/morphiw0w,morphiw0w
/player/6548/n1kl,n1kl
/player/3945/end7my,end7my
/player/6765/konoha,konoha
/player/286/arthas,arthas
/player/30426/sosorry,sosorry
/player/29561/itachi,itachi
/player/22784/nelogranz,nelogranz
/player/2192/navarrete,navarrete
/player/2840/vinice,vinice
/player/30895/nixerino,nixerino
/player/2879/dimaxx,dimaxx
/player/8629/saiko,saiko
/player/29346/toruu,toruu
/player/29367/eks,eks
/player/29986/dagartt,dagartt
/player/23336/rikilenoir,rikilenoir
/player/23337/goblin69,goblin69
/player/23339/looma,looma
/player/9698/monokson,monokson
/player/6279/br0nx62,br0nx62
/player/18401/sp1eez,sp1eez
/player/2548/kequeq,kequeq
/player/20308/legolas,legolas
/player/6472/brzotrcitarmi,brzotrcitarmi
/player/5877/sasquatch,sasquatch
/player/28024/thander,thander
/player/5016/kaspe,kaspe
/player/3674/iluri,iluri
/player/1842/vilperi,vilperi
/player/18477/skittles,skittles
/player/7193/yourii,yourii
/player/29219/blaise,blaise
/player/11371/vowkii,vowkii
/player/30913/eriksbe,eriksbe
/player/4613/johnieboy,johnieboy
/player/22083/hero1,hero1
/player/28855/dgrj,dgrj
/player/20653/yozeii,yozeii
/player/6115/ramszz,ramszz
/player/17268/lacocote,lacocote
/player/16356/nekoz,nekoz
/player/28478/kilander,kilander
/player/12436/elia,elia
/player/9708/mabel,mabel
/player/22040/ks,ks
/player/2598/naschzz,naschzz
/player/15489/reski,reski
/player/2741/rau7e,rau7e
/player/16279/chris,chris
/player/13272/shortmonkei,shortmonkei
/player/16103/s4id,s4id
/player/2521/truve,truve
/player/29634/cintyx,cintyx
/player/9620/zrai,zrai
/player/4570/spolen,spolen
/player/32346/breinholt,breinholt
/player/33292/xmartux,xmartux
/player/30848/lomba,lomba
/player/16141/sora,sora
/player/2183/educoz,educoz
/player/5865/rhagee,rhagee
/player/5573/sparker,sparker
/player/6042/ggl,ggl
/player/33661/lupo,lupo
/player/4365/killax,killax
/player/2268/mannick,mannick
/player/22459/inkelo,inkelo
/player/20308/legolas,legolas
/player/9560/xek,xek
/player/27483/patronw,patronw
/player/29868/light,light
/player/18192/ryn,ryn
/player/7193/yourii,yourii
/player/22521/nice,nice
/player/16225/styl1sh,styl1sh
/player/7985/nexie,nexie
/player/27950/sp1derxd,sp1derxd
/player/28479/jkg,jkg
/player/24431/mjt,mjt
/player/12502/daki,daki
/player/28480/marky,marky
/player/13428/syd,syd
/player/30753/dylan,dylan
/player/6337/belyaks1,belyaks1
/player/7267/nex,nex
/player/22105/michey,michey
/player/12381/w4nted,w4nted
/player/29996/stepa,stepa
/player/24343/cetr0,cetr0
/player/24345/bugix2,bugix2
/player/24344/loita,loita
/player/21862/strozy,strozy
/player/24424/pa1ze,pa1ze
/player/928/unbreakable,unbreakable
/player/30908/klusia,klusia
/player/27020/sunshine,sunshine
/player/20271/vorwenn,vorwenn
/player/9583/nille,nille
/player/12774/anima,anima
/player/1397/mini,mini
/player/10961/hatex,hatex
/player/363/7ssk7,7ssk7
/player/2285/braveaf,braveaf
/player/20945/leader,leader
/player/22842/l1x1nn,l1x1nn
/player/27332/shino,shino
/player/27333/viento,viento
/player/16103/s4id,s4id
/player/16278/oli,oli
/player/2521/truve,truve
/player/10301/wheelsonfire,wheelsonfire
/player/12598/kriszgod,kriszgod
/player/31006/kolesk0,kolesk0
/player/22488/fejkix,fejkix
/player/24732/pesi,pesi
/player/13274/hazard,hazard
/player/21609/danda,danda
/player/14154/jarda,jarda
/player/6091/mrmakar,mrmakar
/player/30358/diagon16,diagon16
/player/570/m1tez,m1tez
/player/6299/fanboy,fanboy
/player/27326/redwesty,redwesty
/player/30536/cookiee,cookiee
/player/6338/syyse,syyse
/player/33502/omegacri,omegacri
/player/13469/istinto,istinto
/player/14659/coachblu,coachblu
/player/13266/daebaku,daebaku
/player/18162/serialkiller,serialkiller
/player/23210/rqga,rqga
/player/36385/grudge,grudge
/player/32861/secci,secci
/player/22268/azzii,azzii
/player/762/in0x,in0x
/player/35517/comet,comet
/player/13427/howellsey,howellsey
/player/18384/bully,bully
/player/18049/pat,pat
/player/23198/wak1e,wak1e
/player/1339/ri4d,ri4d
/player/8672/louitan,louitan
/player/6934/hadi,hadi
/player/9698/monokson,monokson
/player/36401/nanogxn,nanogxn
/player/26053/suild,suild
/player/35513/samed,samed
/player/11348/bl1n,bl1n
/player/28338/aloush,aloush
/player/28249/axton,axton
/player/28337/nagisa,nagisa
/player/13259/jaytato,jaytato
/player/27476/ilectro,ilectro
/player/31636/wookiee,wookiee
/player/20694/day,day
/player/1379/lionclaw,lionclaw
/player/8228/dizayn,dizayn
/player/32638/freddeplays,freddeplays
/player/32641/coffeh,coffeh
/player/32640/paka,paka
/player/32639/sionex,sionex
/player/32637/adamutanz,adamutanz
/player/29004/unify,unify
/player/18465/sai,sai
/player/12308/mista,mista
/player/7185/nero,nero
/player/33424/chimpo,chimpo
/player/6492/cookie,cookie
/player/5764/rox1de,rox1de
/player/6547/1ce2k,1ce2k
/player/13348/tobco,tobco
/player/9634/animal,animal
/player/35912/tpape,tpape
/player/11831/frandons,frandons
/player/6335/john9,john9
/player/1848/incredible,incredible
/player/6969/gunners,gunners
/player/449/leodeddz,leodeddz
/player/22393/scarface,scarface
/player/22375/lime,lime
/player/22396/xig,xig
/player/27969/huracan,huracan
/player/20694/day,day
/player/11336/xkyjote,xkyjote
/player/10097/kuudo,kuudo
/player/11533/denv,denv
/player/10141/snaps,snaps
/player/18539/archfiend,archfiend
/player/3601/leu,leu
/player/36009/hara,hara
/player/21249/aka-nu,aka-nu
/player/36086/makaveli,makaveli
/player/11342/guslump,guslump
/player/4630/magnus,magnus
/player/12602/flaqqo,flaqqo
/player/4322/dr0wnzy,dr0wnzy
/player/1150/rebounter,rebounter
/player/10183/vjt,vjt
/player/5868/setrikk,setrikk
/player/9574/ayyzicle,ayyzicle
/player/22211/jojo,jojo
/player/4267/yerk,yerk
/player/21614/d3adsh4dy,d3adsh4dy
/player/23358/tds,tds
/player/12469/raaka,raaka
/player/32239/w1lp,w1lp
/player/15878/lowi,lowi
/player/1471/yuudai,yuudai
/player/1470/simond4rk,simond4rk
/player/1478/vlady,vlady
/player/3793/stanly,stanly
/player/8357/plenki1,plenki1
/player/8358/marin,marin
/player/8359/c0mplete,c0mplete
/player/8360/young-dou,young-dou
/player/8361/domi,domi
/player/7192/zenzor,zenzor
/player/7190/r1ch,r1ch
/player/31058/kpro,kpro
/player/6271/haxzorus,haxzorus
/player/9643/a1mstar,a1mstar
/player/15183/doobs,doobs
/player/15180/adam,adam
/player/15182/bopper,bopper
/player/11358/karokis,karokis
/player/19756/pad,pad
/player/16210/poseiiidon,poseiiidon
/player/15878/lowi,lowi
/player/13326/mukee,mukee
/player/5303/awake,awake
/player/6869/lapland,lapland
/player/1159/sim19,sim19
/player/9306/rokoo,rokoo
/player/27812/partyy,partyy
/player/30764/serenity,serenity
/player/12514/spocki,spocki
/player/28356/cro,cro
/player/5565/ros,ros
/player/22676/ventt,ventt
/player/13688/vittoria,vittoria
/player/10162/macrue,macrue
/player/12795/crewen,crewen
/player/33918/sinabensina,sinabensina
/player/5515/jonsyp,jonsyp
/player/12666/maz,maz
/player/3848/bayzon,bayzon
/player/31265/njgod,njgod
/player/27059/mixaa,mixaa
/player/28020/r1place,r1place
/player/22412/skicha,skicha
/player/28022/nestri,nestri
/player/30951/baki,baki
/player/22410/bluean6el,bluean6el
/player/28017/jinker,jinker
/player/9641/pie,pie
/player/20659/shak0w,shak0w
/player/9637/z1pax,z1pax
/player/29184/kawentw,kawentw
/player/30948/tycoz,tycoz
/player/29046/lyiuu,lyiuu
/player/30949/subtil,subtil
/player/5586/calvin-s,calvin-s
/player/24346/ayzee,ayzee
/player/5477/leon,leon
/player/12514/spocki,spocki
/player/27812/partyy,partyy
/player/34002/lukey,lukey
/player/34003/wevz,wevz
/player/34004/wimz,wimz
/player/31350/deqadz,deqadz
/player/34005/petals,petals
/player/34015/kae,kae
/player/26760/cyrex,cyrex
/player/6115/ramszz,ramszz
/player/20656/hsking,hsking
/player/4613/johnieboy,johnieboy
/player/4614/mada,mada
/player/4615/syratch,syratch
/player/2637/zelo,zelo
/player/4361/rdnz,rdnz
/player/22479/duplo,duplo
/player/6275/gotchya,gotchya
/player/16063/squeazy,squeazy
/player/31058/kpro,kpro
/player/6271/haxzorus,haxzorus
/player/7190/r1ch,r1ch
/player/9643/a1mstar,a1mstar
/player/28617/nadurii,nadurii
/player/7144/emzuwu,emzuwu
/player/28479/jkg,jkg
/player/22232/pho,pho
/player/28480/marky,marky
/player/13428/syd,syd
/player/10183/vjt,vjt
/player/5868/setrikk,setrikk
/player/9574/ayyzicle,ayyzicle
/player/22211/jojo,jojo
/player/4267/yerk,yerk
/player/21614/d3adsh4dy,d3adsh4dy
/player/20303/richy,richy
/player/7991/hyperr,hyperr
/player/9531/favseven,favseven
/player/12392/ldp,ldp
/player/23186/moestii,moestii
/player/7876/wes,wes
/player/7158/ptk,ptk
/player/33750/fr3d,fr3d
/player/33748/charmzyn,charmzyn
/player/23073/kyl,kyl
/player/33749/zpf,zpf
/player/12583/krazen,krazen
/player/1848/incredible,incredible
/player/25922/ikonix,ikonix
/player/25923/iflix,iflix
/player/22104/eclipsq,eclipsq
/player/29938/mada,mada
/player/29939/symon,symon
/player/29940/xapea,xapea
/player/29941/torture,torture
/player/30530/raiinz,raiinz
/player/30531/chopph,chopph
/player/30529/acep,acep
/player/16458/4woodanet,4woodanet
/player/8842/mykoz,mykoz
/player/10137/ip0tt,ip0tt
/player/10152/padisah,padisah
/player/18655/best,best
/player/12651/w0zzip,w0zzip
/player/16575/omit,omit
/player/5876/focus,focus
/player/20308/legolas,legolas
/player/8438/william,william
/player/6940/dh,dh
/player/16421/speedy,speedy
/player/8440/puggy,puggy
/player/9760/rasmus,rasmus
/player/7865/xanarchy,xanarchy
/player/314/ambi,ambi
/player/7968/stavinci,stavinci
/player/12593/felix,felix
/player/8834/bucher,bucher
/player/6274/kny,kny
/player/5811/gipetto,gipetto
/player/23128/bohkai,bohkai
/player/16390/atsumu,atsumu
/player/30289/kami,kami
/player/31275/nyte,nyte
/player/22501/amore,amore
/player/18272/krylou,krylou
/player/16198/sirth,sirth
/player/29569/daze,daze
/player/29567/dante,dante
/player/29565/thedoomslayer,thedoomslayer
/player/29566/1mmortal,1mmortal
/player/30425/kaga,kaga
/player/30911/r1zvan,r1zvan
/player/27023/y0r,y0r
/player/22259/divide,divide
/player/29743/j1zkeyy,j1zkeyy
/player/11293/chukl9,chukl9
/player/5876/focus,focus
/player/27024/brle,brle
/player/31270/ahil,ahil
/player/12475/pena,pena
/player/34006/ronde,ronde
/player/32251/jammu,jammu
/player/23279/xenon,xenon
/player/10288/shicoed,shicoed
/player/12476/henkizh,henkizh
/player/11336/xkyjote,xkyjote
/player/31552/jolpi,jolpi
/player/31553/pukytoo,pukytoo
/player/31555/gohan,gohan
/player/31556/skare,skare
/player/33563/13nessie,13nessie
/player/22843/darklion27,darklion27
/player/36519/xexu,xexu
/player/21625/elancho,elancho
/player/20592/wave,wave
/player/14894/facepalm,facepalm
/player/23316/doewoe,doewoe
/player/22190/miggs,miggs
/player/25919/xplit,xplit
/player/18670/sc-tro,sc-tro
/player/15735/krostaly,krostaly
/player/15732/eliess,eliess
/player/20951/tienzo,tienzo
/player/28862/relwis,relwis
/player/28853/sw4y,sw4y
/player/5556/loki,loki
/player/18011/exayy,exayy
/player/5557/sarox,sarox
/player/5807/arkadix,arkadix
/player/5810/kryo,kryo
/player/23291/candys,candys
/player/9676/loco,loco
/player/28756/porozorro,porozorro
/player/2521/truve,truve
/player/30892/ipv4,ipv4
/player/29562/moroz,moroz
/player/31045/c0rattix,c0rattix
/player/29563/panic,panic
/player/23270/anikor,anikor
/player/22617/vitie,vitie
/player/18386/exo,exo
/player/9530/pryxi,pryxi
/player/9528/zeroghost,zeroghost
/player/20443/br-di,br-di
/player/22264/legit,legit
/player/13465/dome,dome
/player/33069/hunternation,hunternation
/player/29217/kazero,kazero
/player/30849/wfrost,wfrost
/player/30850/krzx9k,krzx9k
/player/19874/mrpenguin,mrpenguin
/player/11830/mortyyyy,mortyyyy
/player/11303/fastj,fastj
/player/23072/sp0ck3d,sp0ck3d
/player/10448/kozok,kozok
/player/9557/nefi,nefi
/player/3780/vilczek,vilczek
/player/24287/4gruch,4gruch
/player/4592/haricots,haricots
/player/6382/sneaky,sneaky
/player/23330/sachaaaaa,sachaaaaa
/player/16317/elo,elo
/player/12380/reckeyy,reckeyy
/player/30886/icelub,icelub
/player/29961/p1kada,p1kada
/player/29962/ayuya,ayuya
/player/29964/meii,meii
/player/29960/nidxvilco,nidxvilco
/player/29963/aliith,aliith
/player/7170/q,q
/player/27061/nayte,nayte
/player/1339/ri4d,ri4d
/player/15491/maximn,maximn
/player/6374/radic,radic
/player/24836/kicygo,kicygo
/player/18207/mark,mark
/player/17861/blastinho,blastinho
/player/22314/mober,mober
/player/22607/menezk,menezk
/player/21957/thor,thor
/player/28234/sussox,sussox
/player/4854/kronnena,kronnena
/player/29589/bless,bless
/player/16262/ch,ch
/player/10291/tibo,tibo
/player/22486/sorry,sorry
/player/22360/alphaq,alphaq
/player/22363/osr,osr
/player/29738/skyl1ne,skyl1ne
/player/2316/dreamas,dreamas
/player/4519/kamisseq,kamisseq
/player/6101/999kvmil,999kvmil
/player/5487/adm1k,adm1k
/player/259/arch,arch
/player/10425/takina,takina
/player/13350/tey,tey
/player/12576/sixk9,sixk9
/player/3384/naha,naha
/player/20646/badshark,badshark
/player/31171/silex,silex
/player/18264/theoos,theoos
/player/9396/dnnyo,dnnyo
/player/29869/acezer0,acezer0
/player/29870/rascal,rascal
/player/29871/dfianze,dfianze
/player/29872/genp,genp
/player/5977/lancelele,lancelele
/player/32852/trynx,trynx
/player/32855/mauwi,mauwi
/player/36382/roxus,roxus
/player/6375/legend,legend
/player/36381/chronos,chronos
/player/30308/bobsen2k,bobsen2k
/player/27475/zprotection,zprotection
/player/22165/nam,nam
/player/22167/uy-dan,uy-dan
/player/30309/kanekashi,kanekashi
/player/18414/foku,foku
/player/7102/jugger,jugger
/player/8016/laggs,laggs
/player/3747/pata1g,pata1g
/player/5942/dezi,dezi
/player/7267/nex,nex
/player/5588/activ,activ
/player/18385/maikorioo,maikorioo
/player/30306/narutey,narutey
/player/23109/xen,xen
/player/22383/marik,marik
/player/29938/mada,mada
/player/9517/2w1ns,2w1ns
/player/3925/shriek,shriek
/player/10270/dev0,dev0
/player/15167/conor,conor
/player/170/epzz,epzz
/player/1839/polvi,polvi
/player/22267/nyze,nyze
/player/33737/sleepy,sleepy
/player/10127/jonx,jonx
/player/22716/antsy,antsy
/player/6513/yankas,yankas
/player/15737/vpncnp,vpncnp
/player/4962/lurzy0y0,lurzy0y0
/player/13602/papamoe,papamoe
/player/21129/goddwana,goddwana
/player/17273/siny0r,siny0r
/player/36383/fujii,fujii
/player/12532/gloeiii,gloeiii
/player/23177/stormj,stormj
/player/36384/nayx,nayx
/player/23153/magick,magick
/player/9503/dmgod,dmgod
/player/5527/triux,triux
/player/4216/lukejm,lukejm
/player/5951/bmagic,bmagic
/player/4217/peggyyyyy,peggyyyyy
/player/31043/yasiek,yasiek
/player/5884/bl0ckediee,bl0ckediee
/player/19768/grey,grey
/player/15309/369,369
/player/36080/notowany,notowany
/player/13796/pompa,pompa
/player/12531/bithawk,bithawk
/player/22472/moejkel,moejkel
/player/29654/sawsent,sawsent
/player/23190/chevin11,chevin11
/player/29655/korcsir,korcsir
/player/33425/yugen,yugen
/player/6297/wombo1,wombo1
/player/20612/shinshi,shinshi
/player/13331/stavros,stavros
/player/6852/nyaru,nyaru
/player/10319/hrzxv3,hrzxv3
/player/1283/m4china,m4china
/player/854/matelian,matelian
/player/4598/blitzen,blitzen
/player/20657/yotaa,yotaa
/player/397/dawn,dawn
/player/10312/kiiyo,kiiyo
/player/6926/haxtrax,haxtrax
/player/30754/karma,karma
/player/10330/nikoluk,nikoluk
/player/27957/ike,ike
/player/22180/spmak,spmak
/player/14258/emylune,emylune
/player/23878/tiehkay,tiehkay
/player/12467/buyko,buyko
/player/12388/zarakyxd,zarakyxd
/player/10301/wheelsonfire,wheelsonfire
/player/9627/kelo,kelo
/player/9629/jib,jib
/player/16103/s4id,s4id
/player/13272/shortmonkei,shortmonkei
/player/12607/dukloren,dukloren
/player/7923/fraqqs,fraqqs
/player/11172/atom,atom
/player/22518/mimori,mimori
/player/9531/favseven,favseven
/player/7991/hyperr,hyperr
/player/7866/click,click
/player/1470/simond4rk,simond4rk
/player/22263/trayz,trayz
/player/1897/bgg,bgg
/player/1502/jkr,jkr
/player/28654/sui,sui
/player/4423/vetrezz,vetrezz
/player/36399/skonk,skonk
/player/11194/klausc,klausc
/player/36516/kirby,kirby
/player/519/bleeshh,bleeshh
/player/36400/ice-cream-man,ice-cream-man
/player/24775/kakujaaa,kakujaaa
/player/16320/xwarb0t,xwarb0t
/player/2897/limp,limp
/player/22565/fancazista,fancazista
/player/31114/morphiius,morphiius
/player/13234/summonhalfa,summonhalfa
/player/13571/musz3kk,musz3kk
/player/7353/glovee,glovee
/player/12226/sturnn,sturnn
/player/10883/baransel,baransel
/player/12064/lanky,lanky
/player/7965/denc,denc
/player/7311/yt,yt
/player/8601/sww,sww
/player/12571/furyan,furyan
/player/15092/dolfo,dolfo
/player/5206/shadowmiglito,shadowmiglito
/player/8600/aztex,aztex
/player/8597/motaa,motaa
/player/33190/zoom,zoom
/player/33068/cremees,cremees
/player/31263/mew,mew
/player/31261/flanky,flanky
/player/33933/skyver27,skyver27
/player/29974/erizillo,erizillo
/player/29976/powerranger-rojo,powerranger-rojo
/player/7932/gorli,gorli
/player/31549/pando,pando
/player/29975/xjorge,xjorge
/player/29985/kadekira,kadekira
/player/29984/zhon1k,zhon1k
/player/24596/oliveey,oliveey
/player/24598/vhs,vhs
/player/18251/hotshot,hotshot
/player/26807/reggie,reggie
/player/27147/top24,top24
/player/28278/olo,olo
/player/24597/kalash,kalash
/player/36402/kubfu,kubfu
/player/36394/linutz,linutz
/player/36396/sh1yo,sh1yo
/player/36397/adrianl,adrianl
/player/36398/redyy,redyy
/player/23110/hoda,hoda
/player/27652/holym0ly,holym0ly
/player/15091/zepiczz,zepiczz
/player/29341/lew,lew
/player/26810/s2newb,s2newb
/player/26809/tenshi,tenshi
/player/29340/cunha20,cunha20
/player/24894/will,will
/player/33369/wavv,wavv
/player/29362/ex6hsa,ex6hsa
/player/5967/doubled,doubled
/player/2867/zedt,zedt
/player/4851/rexs,rexs
/player/173/l0udly,l0udly
/player/2484/vares,vares
/player/3655/sh-d,sh-d
/player/2741/rau7e,rau7e
/player/18500/starky,starky
/player/1375/shonp,shonp
/player/1515/ponkt,ponkt
/player/6493/undeadxp,undeadxp
/player/23089/rave,rave
/player/12385/splinter,splinter
/player/18920/keefor,keefor
/player/7182/nightmarek,nightmarek
/player/1347/ivan4ezz,ivan4ezz
/player/2185/dudleyzor,dudleyzor
/player/4850/felox,felox
/player/4846/nekoj,nekoj
/player/408/rias,rias
/player/13269/extreme,extreme
/player/23436/bregah,bregah
/player/5817/lukke,lukke
/player/22535/piotta,piotta
/player/1146/phyrn,phyrn
/player/22076/mrcarrito,mrcarrito
/player/2862/chechuu,chechuu
/player/7491/mikael,mikael
/player/34016/tolesaito,tolesaito
/player/2884/daniel0,daniel0
/player/11599/sikako,sikako
/player/7709/tota,tota
/player/7708/pluckz,pluckz
/player/7712/weel,weel
/player/6984/ptf0x,ptf0x
/player/11302/fekz,fekz
/player/7711/gma,gma
/player/34850/zordz,zordz
/player/999/laz,laz
/player/1000/crow,crow
/player/424/dep,dep
/player/6668/sugarz3ro,sugarz3ro
/player/1395/tennn,tennn
/player/1001/barce,barce
/player/6717/xqq,xqq
/player/1004/junior,junior
/player/31170/gya9,gya9
/player/2671/popogachi,popogachi
/player/6672/meiy,meiy
/player/993/medusa,medusa
/player/6674/makiba,makiba
/player/1970/neth,neth
/player/1026/ade,ade
/player/19723/twinkl,twinkl
/player/10585/astell,astell
/player/27974/northernlights,northernlights
/player/8004/zennakukin,zennakukin
/player/6699/toraneco,toraneco
/player/24895/jemkin,jemkin
/player/5796/kr1stal,kr1stal
/player/7745/yoshiii,yoshiii
/player/36012/nao,nao
/player/36011/fadezis,fadezis
/player/20403/moss,moss
/player/2615/clz,clz
/player/4663/joxjo,joxjo
/player/12990/syouta,syouta
/player/25221/xdll,xdll
/player/10588/hiroronn,hiroronn
/player/7780/johnta,johnta
/player/26200/euler,euler
/player/20402/meltdown,meltdown
/player/30875/kir1n,kir1n
/player/1046/fisker,fisker
/player/10769/nobita,nobita
/player/17086/something,something
/player/10628/misaya,misaya
/player/27640/vici,vici
/player/1029/npoint,npoint
/player/20401/relife,relife
/player/17125/senpai,senpai
/player/34720/maufin,maufin
/player/7888/blackwiz,blackwiz
/player/29839/tenten,tenten
/player/2134/derialy,derialy
/player/806/moothie,moothie
/player/14673/jaemin,jaemin
/player/4477/lob,lob
/player/5476/minty,minty
/player/33417/fukuken,fukuken
/player/10661/phantom,phantom
/player/6702/bazz,bazz
/player/16594/pocky,pocky
/player/27551/howl,howl
/player/32822/ajisan,ajisan
/player/34785/yowamu,yowamu
/player/1977/aware,aware
/player/6698/kaku,kaku
/player/2554/anker,anker
/player/1045/sylfy,sylfy
/player/2511/tensai,tensai
/player/7373/dualing,dualing
/player/34727/kayle,kayle
/player/33928/seok,seok
/player/33927/chelator,chelator
/player/10655/rico,rico
/player/17061/ssun,ssun
/player/17133/nura,nura
/player/27617/deno,deno
/player/34824/davinci,davinci
/player/34755/jokoriri,jokoriri
/player/20465/biju,biju
/player/27615/koke,koke
/player/686/tonbo,tonbo
/player/34696/ndzq,ndzq
/player/700/million,million
/player/690/shoushi,shoushi
/player/472/esther,esther
/player/7374/arm1e,arm1e
/player/10657/kokuya,kokuya
/player/486/jinx,jinx
/player/1042/merry,merry
/player/1005/2zzy,2zzy
/player/2399/fifty,fifty
/player/10639/k1llgrave,k1llgrave
/player/29297/hane,hane
/player/17180/utaka,utaka
/player/27606/magus,magus
/player/25292/valll,valll
/player/25291/lore,lore
/player/17800/tempura55,tempura55
/player/17779/flowergirl,flowergirl
/player/34779/marble,marble
/player/25263/riun,riun
/player/17199/mori,mori
/player/1003/reita,reita
/player/7718/xnfri,xnfri
/player/6700/anthem,anthem
/player/10584/seoldam,seoldam
/player/1002/takej,takej
/player/4559/suggest,suggest
/player/21437/melofovia,melofovia
/player/21792/hsk,hsk
/player/34708/redaka,redaka
/player/34709/,
/player/34710/daddylix,daddylix
/player/34711/kur-i,kur-i
/player/34712/launq,launq
/player/31841/take,take
/player/31842/hyon,hyon
/player/31843/poppy,poppy
/player/31844/mk,mk
/player/31845/chay,chay
/player/17161/shmz,shmz
/player/706/norisen,norisen
/player/4664/gangpin,gangpin
/player/6676/thiefy,thiefy
/player/1971/oitan,oitan
/player/1973/ripablo,ripablo
/player/1972/poem,poem
/player/21892/ambox,ambox
/player/1969/hnt,hnt
/player/23971/ask,ask
/player/10658/icecore,icecore
/player/2135/hyouka,hyouka
/player/10639/k1llgrave,k1llgrave
/player/426/kaminari,kaminari
/player/4645/fawn,fawn
/player/17085/nagi,nagi
/player/17083/rem,rem
/player/13013/yuumac,yuumac
/player/17084/gb0x,gb0x
/player/34777/a1r,a1r
/player/17093/suke,suke
/player/25283/leo,leo
/player/33944/j0ker,j0ker
/player/33943/union,union
/player/17091/zan,zan
/player/10188/citrous,citrous
/player/10651/hos,hos
/player/27580/maruco,maruco
/player/13022/komikku,komikku
/player/1030/ryota,ryota
/player/2508/kenmohororo,kenmohororo
/player/2149/c1nder,c1nder
/player/4038/bangnan,bangnan
/player/7364/peroowo,peroowo
/player/8005/xandrite,xandrite
/player/30847/fumi,fumi
/player/10627/art,art
/player/29833/izu,izu
/player/13002/akame,akame
/player/2400/brofeld,brofeld
/player/21322/noppo,noppo
/player/17145/paint,paint
/player/27523/dream3r,dream3r
/player/1008/kuukai,kuukai
/player/25258/lumo,lumo
/player/29118/yornogi,yornogi
/player/298/lightning,lightning
/player/12979/tenzouez,tenzouez
/player/1963/hate,hate
/player/4563/kobra,kobra
/player/1048/nerufi,nerufi
/player/6673/gon,gon
/player/1027/marin,marin
/player/1006/flax,flax
/player/12980/ia,ia
/player/25915/brian,brian
/player/17111/allen,allen
/player/2137/skyfull,skyfull
/player/699/kenny,kenny
/player/29350/mikke,mikke
/player/1013/flame,flame
/player/485/stax,stax
/player/488/rb,rb
/player/772/zest,zest
/player/804/buzz,buzz
/player/4462/mako,mako
/player/11600/foxy9,foxy9
/player/775/termi,termi
/player/770/glow,glow
/player/776/argency,argency
/player/773/lakia,lakia
/player/25025/estrella,estrella
/player/476/exy,exy
/player/1952/esperanza,esperanza
/player/4558/allow,allow
/player/4562/solo,solo
/player/4560/peri,peri
/player/983/ts,ts
/player/13039/meteor,meteor
/player/771/k1ng,k1ng
/player/1960/eko,eko
/player/4054/secret,secret
/player/19729/elmapuddy,elmapuddy
/player/980/bail,bail
/player/20879/sungjin,sungjin
/player/487/sunday,sunday
/player/9221/selig,selig
/player/1959/luz,luz
/player/4052/jinboonge,jinboonge
/player/28280/m4hogany,m4hogany
/player/35015/soyeon,soyeon
/player/25080/empty,empty
/player/25081/yoman,yoman
/player/27444/banger,banger
/player/16924/stew,stew
/player/25053/wolverine,wolverine
/player/35544/pr,pr
/player/4122/persia,persia
/player/17049/hermes,hermes
/player/4127/felix,felix
/player/4051/hann,hann
/player/4678/beyn,beyn
/player/35507/od,od
/player/25027/eolgom,eolgom
/player/34981/pkm,pkm
/player/34982/leviathan,leviathan
/player/27384/jaxe,jaxe
/player/34983/leo,leo
/player/24979/cloy,cloy
/player/20882/pooky,pooky
/player/9194/blueming,blueming
/player/9255/has1ra14,has1ra14
/player/17051/sk9na,sk9na
/player/4483/wenty,wenty
/player/2332/parkjjong,parkjjong
/player/20878/delta,delta
/player/4428/udotan,udotan
/player/25019/rap1d,rap1d
/player/27456/changwoo,changwoo
/player/35013/gr1t,gr1t
/player/17062/den2,den2
/player/25082/junseo,junseo
/player/27442/impact,impact
/player/34916/capri,capri
/player/27465/ktree,ktree
/player/25020/bbiyong,bbiyong
/player/25023/jang-kong,jang-kong
/player/2489/munchkin,munchkin
/player/474/xeta,xeta
/player/4545/sayaplayer,sayaplayer
/player/31098/beomjun,beomjun
/player/5129/ban,ban
/player/31207/carpe,carpe
/player/2504/autumn,autumn
/player/13109/stunner,stunner
/player/7483/nakji,nakji
/player/981/cosa,cosa
/player/28013/sogate,sogate
/player/4488/wix,wix
/player/17063/vow,vow
/player/9342/cruise,cruise
/player/4478/munghoon,munghoon
/player/16926/sungbin,sungbin
/player/25071/,
/player/34972/kaze,kaze
/player/9791/elcbis-jr,elcbis-jr
/player/9790/redwater877,redwater877
/player/4657/moves,moves
/player/4479/jeong-hi,jeong-hi
/player/9192/cloudy,cloudy
/player/9225/pr0xy,pr0xy
/player/33576/margaret,margaret
/player/33575/pine,pine
/player/17315/b1ngsu,b1ngsu
/player/25017/ash,ash
/player/36008/light,light
/player/20928/seolho,seolho
/player/20881/exia,exia
/player/30761/xive,xive
/player/4130/rain,rain
/player/4475/benecia,benecia
/player/4062/wavy,wavy
/player/4666/acme,acme
/player/11209/pay,pay
/player/25614/tk9,tk9
/player/2462/keznit,keznit
/player/3828/tacolilla,tacolilla
/player/8549/kingg,kingg
/player/725/nzr,nzr
/player/7603/mazino,mazino
/player/24007/shyy,shyy
/player/2796/torito,torito
/player/2455/onur,onur
/player/2610/klaus,klaus
/player/1294/nagz,nagz
/player/1311/melser,melser
/player/681/xand,xand
/player/2764/daveeys,daveeys
/player/2021/axeddy,axeddy
/player/19302/daykiry,daykiry
/player/1321/leazo,leazo
/player/11215/ddx,ddx
/player/11046/deigara,deigara
/player/7652/tuli,tuli
/player/13860/rubkkoide,rubkkoide
/player/2403/mizu,mizu
/player/12872/david,david
/player/20833/romanilly,romanilly
/player/20834/ruzk,ruzk
/player/2476/nyogen,nyogen
/player/15540/badzw,badzw
/player/33566/ganter,ganter
/player/1293/d1e,d1e
/player/1309/tio,tio
/player/15542/gioruu,gioruu
/player/3869/grizzly4real,grizzly4real
/player/33572/leoz,leoz
/player/23983/feysend,feysend
/player/8730/1kuzohh,1kuzohh
/player/1292/raizen,raizen
/player/17704/kynsinho,kynsinho
/player/8712/kardash,kardash
/player/13859/liu,liu
/player/36052/haitam,haitam
/player/36050/pepzet,pepzet
/player/7609/crayz,crayz
/player/7592/nachitt,nachitt
/player/28604/mattjkun,mattjkun
/player/1717/moura,moura
/player/35662/zebeej,zebeej
/player/35663/hops,hops
/player/35664/shazin,shazin
/player/35665/miyeon,miyeon
/player/35666/reiji,reiji
/player/35776/goodlike,goodlike
/player/35654/dribzin,dribzin
/player/32842/fakuz,fakuz
/player/35655/lobe,lobe
/player/13856/antrex,antrex
/player/33486/skizzo,skizzo
/player/35657/santiiii27,santiiii27
/player/35658/nexxa,nexxa
/player/35659/zacar,zacar
/player/35660/tok1o,tok1o
/player/35661/reivax,reivax
/player/2813/mtzz,mtzz
/player/2814/claudinho,claudinho
/player/12865/matzdell,matzdell
/player/2800/nah,nah
/player/15537/pitgking,pitgking
/player/2797/ermaak,ermaak
/player/15547/forcee,forcee
/player/36014/kiv4ry,kiv4ry
/player/2818/neto,neto
/player/15916/jotinha,jotinha
/player/7653/benzy,benzy
/player/29122/kzj,kzj
/player/29123/kiv4ry,kiv4ry
/player/15917/dan,dan
/player/23982/jey,jey
/player/32864/swagg,swagg
/player/33573/necro,necro
/player/13864/profile,profile
/player/23992/reyn,reyn
/player/21646/nash,nash
/player/733/stellar,stellar
/player/3880/bang,bang
/player/4147/cryocells,cryocells
/player/1533/derrek,derrek
/player/601/asuna,asuna
/player/25913/ddk,ddk
/player/19343/mikes,mikes
/player/3472/jamezirl,jamezirl
/player/7870/vanity,vanity
/player/7871/xeppaa,xeppaa
/player/7873/leaf,leaf
/player/729/zellsis,zellsis
/player/7105/qpert,qpert
/player/7874/mce,mce
/player/817/fns,fns
/player/4164/s0m,s0m
/player/4/crashies,crashies
/player/98/ardiis,ardiis
/player/261/victor,victor
/player/625/thwifo,thwifo
/player/4012/chet,chet
/player/1118/trainer,trainer
/player/5617/krueger,krueger
/player/1265/johnqt,johnqt
/player/8082/zander,zander
/player/796/eeiu,eeiu
/player/4828/nismo,nismo
/player/3722/koalanoob,koalanoob
/player/255/happy,happy
/player/28113/gunter,gunter
/player/64/gmd,gmd
/player/8376/seven,seven
/player/4927/nature,nature
/player/848/kanpeki,kanpeki
/player/260/corey,corey
/player/75/subroza,subroza
/player/27679/daeda,daeda
/player/460/engh,engh
/player/3885/valyn,valyn
/player/4581/jonahp,jonahp
/player/15500/trent,trent
/player/6582/net,net
/player/1818/tex,tex
/player/21327/seowulf,seowulf
/player/52/joshrt,joshrt
/player/3757/dazzle,dazzle
/player/17433/v1c,v1c
/player/844/bdog,bdog
/player/5132/mada,mada
/player/7458/moose,moose
/player/28778/connor-larkin,connor-larkin
/player/13075/mac,mac
/player/2657/akki,akki
/player/849/poised,poised
/player/2170/babybay,babybay
/player/1113/dicey,dicey
/player/1129/rossy,rossy
/player/826/supamen,supamen
/player/11854/vapor,vapor
/player/18198/mas,mas
/player/2670/steel,steel
/player/901/exalt,exalt
/player/421/genghsta,genghsta
/player/1023/xxif,xxif
/player/9021/clear,clear
/player/11377/ocean,ocean
/player/25172/slow,slow
/player/31/trick,trick
/player/36245/n4rrate,n4rrate
/player/766/ange,ange
/player/71/drone,drone
/player/8345/zexrow,zexrow
/player/1411/will,will
/player/36492/lovell,lovell
/player/1855/moonchopper,moonchopper
/player/604/boostio,boostio
/player/3227/screwface,screwface
/player/26171/demon1,demon1
/player/11225/ethan,ethan
/player/864/bcj,bcj
/player/619/c0m,c0m
/player/5188/apoth,apoth
/player/828/reformed,reformed
/player/3993/jawgemo,jawgemo
/player/76/kurt,kurt
/player/3104/potter,potter
/player/26482/zikz,zikz
/player/769/tigg,tigg
/player/1856/wedid,wedid
/player/3980/governor,governor
/player/4931/add3r,add3r
/player/818/mummay,mummay
/player/15533/mayuhri,mayuhri
/player/15616/avhyno,avhyno
/player/3687/jonaaa6,jonaaa6
/player/3883/lear,lear
/player/8537/nillyaz,nillyaz
/player/13831/zeldris,zeldris
/player/6572/purevns,purevns
/player/29438/vapen,vapen
/player/21121/huijinyong,huijinyong
/player/612/mitch,mitch
/player/11118/skuba,skuba
/player/8085/pwny,pwny
/player/146/randyysavage,randyysavage
/player/21668/verno,verno
/player/8419/reduxx,reduxx
/player/14666/wrap,wrap
/player/2450/rustun,rustun
/player/2560/jmoh,jmoh
/player/24865/acrian,acrian
/player/8118/precision,precision
/player/26453/curryshottv,curryshottv
/player/8402/icy,icy
/player/754/nerve,nerve
/player/3186/zinc,zinc
/player/3007/tdawgg,tdawgg
/player/25904/tyfoon,tyfoon
/player/863/sharky,sharky
/player/25956/styxonly,styxonly
/player/36423/iremiix,iremiix
/player/4385/monsi,monsi
/player/3968/fletcher,fletcher
/player/4924/d1msumboi,d1msumboi
/player/28627/emi,emi
/player/16430/fray,fray
/player/3685/flyuh,flyuh
/player/740/aproto,aproto
/player/3702/sym,sym
/player/2172/brawk,brawk
/player/69/thief,thief
/player/1142/tanizhq,tanizhq
/player/893/retrq,retrq
/player/3680/svl,svl
/player/3681/harmon,harmon
/player/2118/silenx,silenx
/player/1413/moechilla,moechilla
/player/8405/awkua,awkua
/player/4930/aiko,aiko
/player/9063/infiltrator,infiltrator
/player/6392/yoshii,yoshii
/player/16336/dogo,dogo
/player/28627/emi,emi
/player/916/vice,vice
/player/1543/flippsy,flippsy
/player/21878/snarly,snarly
/player/4009/cheatcode,cheatcode
/player/8907/jsp,jsp
/player/25599/alvarxz,alvarxz
/player/5154/giansanity,giansanity
/player/25331/soupberries,soupberries
/player/3987/pingfu,pingfu
/player/8540/snirot,snirot
/player/20337/syfi,syfi
/player/62/huynh,huynh
/player/25328/fakn,fakn
/player/21714/coach-joe,coach-joe
/player/2094/hugeon,hugeon
/player/28317/varv,varv
/player/20472/x0tek,x0tek
/player/1854/miniature,miniature
/player/463/ksiaze,ksiaze
/player/6431/potatoe,potatoe
/player/55/winsum,winsum
/player/28270/mas,mas
/player/17415/prainex,prainex
/player/156/temperature,temperature
/player/16008/cab8ts,cab8ts
/player/5178/hyjinx,hyjinx
/player/25359/currie,currie
/player/4386/leviathanag,leviathanag
/player/14082/plaza,plaza
/player/862/b0i,b0i
/player/6456/torrify,torrify
/player/13766/bawn,bawn
/player/9031/soop,soop
/player/8949/smokeythebear,smokeythebear
/player/8994/tristiieee,tristiieee
/player/19788/c0nnor,c0nnor
/player/13084/smiley,smiley
/player/15998/micknutty333,micknutty333
/player/20364/roompa,roompa
/player/29076/satellite,satellite
/player/26474/yung-calculator,yung-calculator
/player/21115/griffe,griffe
/player/28786/remote,remote
/player/24228/smoke,smoke
/player/14090/mikshak,mikshak
/player/17368/mar1,mar1
/player/16671/welyy,welyy
/player/6445/sogo,sogo
/player/24943/dwan,dwan
/player/3874/teague,teague
/player/17751/tim,tim
/player/9002/kev,kev
/player/2125/nanners,nanners
/player/24940/eli,eli
/player/19328/sharpy,sharpy
/player/11855/seaside,seaside
/player/18850/demon,demon
/player/26386/jeffie,jeffie
/player/3877/veer,veer
/player/21591/laddermoves,laddermoves
/player/25328/fakn,fakn
/player/13752/tempt,tempt
/player/21028/flonson,flonson
/player/21879/kurama,kurama
/player/8410/chime,chime
/player/13754/kouf,kouf
/player/15103/jazzyb,jazzyb
/player/17963/izzypuff,izzypuff
/player/25869/migstur,migstur
/player/17357/papi,papi
/player/9109/thom,thom
/player/29740/klapp3d,klapp3d
/player/25948/sword,sword
/player/11696/zoestol,zoestol
/player/8914/lazee,lazee
/player/6450/korsonix,korsonix
/player/28627/emi,emi
/player/14497/azez,azez
/player/28967/voxize,voxize
/player/33587/chase,chase
/player/28404/deejay,deejay
/player/30732/ducky,ducky
/player/31433/juice,juice
/player/14056/fearozen,fearozen
/player/17255/ino,ino
/player/3219/carbyn,carbyn
/player/3218/agr0,agr0
/player/18738/ero,ero
/player/3875/sora,sora
/player/3080/katsumi,katsumi
/player/5149/rise,rise
/player/25246/bunnybee,bunnybee
/player/873/bob,bob
/player/14116/burton,burton
/player/8862/uncreative,uncreative
/player/34668/karizma,karizma
/player/25919/xplit,xplit
/player/6607/kasche1x,kasche1x
/player/15636/scarn,scarn
/player/17310/draystar,draystar
/player/14787/papasmurf,papasmurf
/player/20959/toozy,toozy
/player/24517/rexgator,rexgator
/player/29258/avell,avell
/player/28971/cutedog,cutedog
/player/25745/kumi,kumi
/player/6416/jcruel,jcruel
/player/10053/fireballops,fireballops
/player/12918/sexychristian,sexychristian
/player/1592/critical,critical
/player/4009/cheatcode,cheatcode
/player/19788/c0nnor,c0nnor
/player/3063/mel,mel
/player/21486/sarahcat,sarahcat
/player/17976/florescent,florescent
/player/3079/alexis,alexis
/player/17397/noia,noia
/player/65/effys,effys
/player/3242/kayros,kayros
/player/14001/phoon,phoon
/player/8273/adrenaline,adrenaline
/player/22922/haxxa,haxxa
/player/16033/crescent,crescent
/player/26201/fonzy,fonzy
/player/22920/entri,entri
/player/22921/saint,saint
/player/3178/kushay,kushay
/player/20885/swervo,swervo
/player/16029/khs,khs
/player/11047/hydro,hydro
/player/19678/keta,keta
/player/30846/felix,felix
/player/16709/raijuace,raijuace
/player/28402/bless,bless
/player/33581/joy,joy
/player/33580/cxander,cxander
/player/23403/typhon,typhon
/player/12897/ronan,ronan
/player/28332/zitro,zitro
/player/19556/melya,melya
/player/3690/hira,hira
/player/3994/dom,dom
/player/6446/shane,shane
/player/28587/pain,pain
/player/29737/falcon,falcon
/player/17750/econ-god,econ-god
/player/31440/butarco,butarco
/player/31439/sebitax,sebitax
/player/31442/mantequilla,mantequilla
/player/31438/straf1ng,straf1ng
/player/31441/indifference,indifference
/player/35546/krat1cozg,krat1cozg
/player/34541/smiles,smiles
/player/34538/bluu,bluu
/player/34540/crute,crute
/player/34539/zuevos,zuevos
/player/34537/xg4m3rb0yx,xg4m3rb0yx
/player/29736/hokusul,hokusul
/player/36467/oiaxy,oiaxy
/player/32432/sushi,sushi
/player/26248/endeavor,endeavor
/player/603/ssef,ssef
/player/31457/gubb,gubb
/player/21855/4tapping,4tapping
/player/7144/emzuwu,emzuwu
/player/30470/kyu,kyu
/player/26283/hybrid,hybrid
/player/32369/maaz,maaz
/player/23386/dory,dory
/player/16694/psyche,psyche
/player/5093/logan,logan
/player/15639/chloric,chloric
/player/20959/toozy,toozy
/player/34212/gnatto,gnatto
/player/21888/fractured,fractured
/player/29690/smalls,smalls
/player/29689/mikester,mikester
/player/29688/mikee,mikee
/player/15625/interlaced,interlaced
/player/28252/lycain,lycain
/player/30467/zamal,zamal
/player/28905/papicam,papicam
/player/20329/joey,joey
/player/30469/tommy,tommy
/player/32665/xnb,xnb
/player/29699/keeg,keeg
/player/15494/imposter,imposter
/player/26905/yape,yape
/player/26907/thai,thai
/player/33270/eroc,eroc
/player/28920/donats,donats
/player/28918/suj,suj
/player/28916/quaack,quaack
/player/28917/beny,beny
/player/28919/gov,gov
/player/8414/icee,icee
/player/10950/mueda,mueda
/player/3700/puffin,puffin
/player/6642/wildfire,wildfire
/player/21993/gonchz,gonchz
/player/3171/testy,testy
/player/26516/brain-blast,brain-blast
/player/28423/sultan,sultan
/player/29255/gingirvitis,gingirvitis
/player/8275/jpark,jpark
/player/29254/ezra,ezra
/player/25510/teddyisfluffy,teddyisfluffy
/player/21257/social,social
/player/1410/wheaties,wheaties
/player/22921/saint,saint
/player/22920/entri,entri
/player/10060/instxnct,instxnct
/player/8286/glyph,glyph
/player/24940/eli,eli
/player/19788/c0nnor,c0nnor
/player/6448/eto,eto
/player/14299/jeffrey,jeffrey
/player/12879/carn0,carn0
/player/20317/nyonza,nyonza
/player/8270/jd,jd
/player/21332/mheggs,mheggs
/player/21034/notta,notta
/player/23390/br9dy,br9dy
/player/25333/gio,gio
/player/11963/kay,kay
/player/11958/hannah,hannah
/player/14/rain,rain
/player/11978/ellie,ellie
/player/16/emuhleet,emuhleet
/player/32026/thieney,thieney
/player/32025/bing-chilling,bing-chilling
/player/11063/dill,dill
/player/11064/aggroh,aggroh
/player/11065/dam,dam
/player/16029/khs,khs
/player/11071/nabber,nabber
/player/28499/nxble,nxble
/player/18784/cfax,cfax
/player/14644/kryptic,kryptic
/player/14008/hopper,hopper
/player/14111/wild,wild
/player/30532/clickayyy,clickayyy
/player/14007/franxx,franxx
/player/28086/shattered619,shattered619
/player/9035/ah1ra,ah1ra
/player/9036/demo,demo
/player/29102/lalalan,lalalan
/player/29065/pumpkin,pumpkin
/player/29874/mattyice,mattyice
/player/29875/boo30,boo30
/player/29877/bavian,bavian
/player/18793/skyy,skyy
/player/28578/jibbieb,jibbieb
/player/36176/fish,fish
/player/33428/ferox,ferox
/player/33709/xantik,xantik
/player/36037/gary,gary
/player/36036/practo,practo
/player/26393/sai,sai
/player/27692/chubsta,chubsta
/player/36176/fish,fish
/player/35784/kashikoi,kashikoi
/player/27353/toxik,toxik
/player/26183/monkey02,monkey02
/player/21587/fate,fate
/player/14044/jjjoshy,jjjoshy
/player/25907/pretty,pretty
/player/35511/corecount,corecount
/player/8972/mungusthegiant,mungusthegiant
/player/26179/coffeemaker1,coffeemaker1
/player/29440/vincxnt,vincxnt
/player/29089/not-snaf,not-snaf
/player/26560/atticus,atticus
/player/29257/totsi,totsi
/player/30988/pyth0n,pyth0n
/player/30990/tombugos,tombugos
/player/8757/kyeiou,kyeiou
/player/34582/tsai,tsai
/player/30887/mrpool,mrpool
/player/30889/fizzy,fizzy
/player/30888/cosmo,cosmo
/player/10043/timburr,timburr
/player/9057/suhnny,suhnny
/player/32921/noble,noble
/player/24229/sufu,sufu
/player/25865/gabersenn,gabersenn
/player/8532/voltageg,voltageg
/player/16008/cab8ts,cab8ts
/player/5128/polkan,polkan
/player/28749/boopie,boopie
/player/3077/jazzyk1ns,jazzyk1ns
/player/3103/clawdia,clawdia
/player/14868/karra,karra
/player/27690/rayse,rayse
/player/11968/l4ce,l4ce
/player/3105/alimonstr,alimonstr
/player/15062/sloth,sloth
/player/26230/rayano,rayano
/player/22543/yungyaz,yungyaz
/player/26233/ozz,ozz
/player/26231/9er,9er
/player/18848/iceyyy,iceyyy
/player/36031/segov,segov
/player/29074/car,car
/player/17756/drago,drago
/player/27997/vroom,vroom
/player/29075/buh-lah-kae,buh-lah-kae
/player/31174/katt,katt
/player/33881/darkaquarius38,darkaquarius38
/player/30380/rekni,rekni
/player/26924/wrecker,wrecker
/player/14024/p-i-g-g-y,p-i-g-g-y
/player/16660/conch,conch
/player/18838/ponder,ponder
/player/33594/wpanda,wpanda
/player/33595/xela,xela
/player/15850/krinklebein,krinklebein
/player/14022/snow,snow
/player/21592/teets,teets
/player/32667/nora,nora
/player/8767/ara,ara
/player/29067/colbeeeee,colbeeeee
/player/35363/akuma,akuma
/player/36482/lalllic,lalllic
/player/26578/engraam,engraam
/player/26579/lost,lost
/player/26580/zesst,zesst
/player/26581/spencej,spencej
/player/26582/velocity,velocity
/player/34542/swayze,swayze
/player/6633/symbiotic,symbiotic
/player/8906/nabaki,nabaki
/player/26167/cell,cell
/player/30985/c0da,c0da
/player/1601/roop,roop
/player/30986/deadly,deadly
/player/32664/zaedy,zaedy
/player/28898/he1ji,he1ji
/player/29058/suzki,suzki
/player/29060/john,john
/player/28894/lu,lu
/player/31449/yespy,yespy
/player/29061/tai,tai
/player/33881/darkaquarius38,darkaquarius38
/player/32659/evolution,evolution
/player/15862/myth720,myth720
/player/17254/atake,atake
/player/29135/jayymilz,jayymilz
/player/29136/isaac,isaac
/player/26170/jacket,jacket
/player/19290/azrex,azrex
/player/29685/sambae,sambae
/player/34449/hexo,hexo
/player/29684/cryan,cryan
/player/29682/reflex,reflex
/player/24568/grifdy,grifdy
/player/35901/erasthamus,erasthamus
/player/5159/zamas,zamas
/player/33855/jaycey,jaycey
/player/14778/kirbyy,kirbyy
/player/33854/r54,r54
/player/28405/opie,opie
/player/17756/drago,drago
/player/29074/car,car
/player/29075/buh-lah-kae,buh-lah-kae
/player/17762/katar,katar
/player/17760/asian,asian
/player/18782/henrys,henrys
/player/28312/rapidle,rapidle
/player/28315/ghosty,ghosty
/player/28314/nisei,nisei
/player/28313/bakedspudz,bakedspudz
/player/31668/oktober,oktober
/player/14497/azez,azez
/player/15595/patek,patek
/player/18760/cherry,cherry
/player/14113/hoot,hoot
/player/21597/aru,aru
/player/35142/salazer,salazer
/player/20332/1kingb,1kingb
/player/20334/salazer,salazer
/player/29064/devan,devan
/player/27534/creedunce,creedunce
/player/29063/koto,koto
/player/18775/casual,casual
/player/18785/manbow,manbow
/player/17311/nogoodnutes,nogoodnutes
/player/28417/tkitty,tkitty
/player/28913/gamesteak,gamesteak
/player/15629/craycup,craycup
/player/3997/stee,stee
/player/20836/dipsy,dipsy
/player/30540/lethal,lethal
/player/30543/185,185
/player/30541/zejay,zejay
/player/30544/juanwick,juanwick
/player/30542/rescue,rescue
/player/26394/leel,leel
/player/29188/franklin,franklin
/player/29189/vitalyy,vitalyy
/player/29086/moshi,moshi
/player/33866/baba-yaga,baba-yaga
/player/3216/shifty,shifty
/player/1591/adam,adam
/player/30992/appa,appa
/player/4141/hazard,hazard
/player/5167/aloka,aloka
/player/21885/logic,logic
/player/27851/takio,takio
/player/9012/abel,abel
/player/27850/evan88tor,evan88tor
/player/21884/doc,doc
/player/26235/giles,giles
/player/27686/rice-bulgogi,rice-bulgogi
/player/24578/flow,flow
/player/26236/wazuu,wazuu
/player/3876/wickbm,wickbm
/player/33595/xela,xela
/player/33594/wpanda,wpanda
/player/16660/conch,conch
/player/18838/ponder,ponder
/player/14024/p-i-g-g-y,p-i-g-g-y
/player/28419/yizzle,yizzle
/player/14022/snow,snow
/player/15850/krinklebein,krinklebein
/player/28375/rift,rift
/player/14840/n8zy,n8zy
/player/24515/dero,dero
/player/28373/nline,nline
/player/28374/1li,1li
/player/26392/syftnix,syftnix
/player/26393/sai,sai
/player/26394/leel,leel
/player/26395/yukio,yukio
/player/26396/boink,boink
/player/29590/arcane,arcane
/player/29355/rukitter,rukitter
/player/29354/ziev,ziev
/player/29353/ranchy,ranchy
/player/29356/wilmer,wilmer
/player/9103/jdawnx,jdawnx
/player/8339/harmony,harmony
/player/4007/powa,powa
/player/6537/onesnipeko,onesnipeko
/player/20322/od26,od26
/player/14008/hopper,hopper
/player/14111/wild,wild
/player/28270/mas,mas
/player/32644/squeek,squeek
/player/32645/kush,kush
/player/32646/lemonn,lemonn
/player/32647/slicky,slicky
/player/32648/goatz,goatz
/player/26902/joey,joey
/player/10878/style,style
/player/11047/hydro,hydro
/player/10877/gosha,gosha
/player/30841/tiller,tiller
/player/29617/chillin,chillin
/player/13834/yexz,yexz
/player/28979/prag,prag
/player/21794/boom,boom
/player/31174/katt,katt
/player/29664/hato,hato
/player/3992/lou,lou
/player/30554/parker,parker
/player/30553/dag,dag
/player/28495/purge,purge
/player/8996/johnny,johnny
/player/34408/orp,orp
/player/24450/asetic,asetic
/player/24447/morbit,morbit
/player/24449/rohlyn,rohlyn
/player/24448/bong,bong
/player/34634/meqnn,meqnn
/player/34001/vect0r,vect0r
/player/21598/vorteez,vorteez
/player/14004/vexxey,vexxey
/player/26167/cell,cell
/player/25779/defo,defo
/player/26896/m2skyy,m2skyy
/player/27912/pres,pres
/player/27894/nelliel,nelliel
/player/8927/panik,panik
/player/29349/czewski,czewski
/player/5155/simetra,simetra
/player/16718/beanann,beanann
/player/24532/didney,didney
/player/34476/echo,echo
/player/24584/l21saac,l21saac
/player/30552/ciel,ciel
/player/24948/jay,jay
/player/29139/datakiller,datakiller
/player/26910/worldrise,worldrise
/player/24951/flop,flop
/player/21783/kaic,kaic
/player/18807/gjalla,gjalla
/player/20962/dkim,dkim
/player/14775/hyperduck,hyperduck
/player/24553/boni,boni
/player/1545/neebz,neebz
/player/25328/fakn,fakn
/player/30380/rekni,rekni
/player/29982/shoodie,shoodie
/player/35510/alter,alter
/player/31595/dojin,dojin
/player/21785/jminh,jminh
/player/29209/hiro,hiro
/player/10031/boda,boda
/player/29205/brayzeee,brayzeee
/player/31575/zeke,zeke
/player/28316/eyan,eyan
/player/34588/sir-qutavius-iii,sir-qutavius-iii
/player/18766/alu,alu
/player/18768/rykinn,rykinn
/player/18770/rilla,rilla
/player/27916/kharma,kharma
/player/25596/toskri,toskri
/player/16001/krumpa,krumpa
/player/15999/funnyz,funnyz
/player/36507/alexx,alexx
/player/14091/satty,satty
/player/19281/jinnie,jinnie
/player/19671/egggs831,egggs831
/player/19284/tover0,tover0
/player/32660/coastin,coastin
/player/21592/teets,teets
/player/32661/karim,karim
/player/32662/aussiehaza,aussiehaza
/player/32663/brezi,brezi
/player/764/kp,kp
/player/3101/flowerful,flowerful
/player/8849/sonder,sonder
/player/11948/lorri,lorri
/player/3062/benita,benita
/player/8377/fullmetal,fullmetal
/player/758/robwiz,robwiz
/player/820/fin,fin
/player/14703/kxtieoh,kxtieoh
/player/30395/edith,edith
/player/14722/slandy,slandy
/player/14874/vernina,vernina
/player/11901/zoe,zoe
/player/18907/alexlihing,alexlihing
/player/627/grego,grego
/player/24237/powerpixele,powerpixele
/player/663/showliana,showliana
/player/17/theia,theia
/player/11955/stefanie,stefanie
/player/76/kurt,kurt
/player/6570/jovi,jovi
/player/36593/mnz,mnz
/player/36663/june,june
/player/36594/lamoux,lamoux
/player/36592/xpl,xpl
/player/36595/aftermath,aftermath
/player/26880/laika,laika
/player/28975/kiko,kiko
/player/26229/bubbles,bubbles
/player/13960/j0j0,j0j0
